domain,Email,Media,Phone,Address
bostonzen.org,"['tuesday@bostonzen.org', 'saturday@bostonzen.org', 'programming@bostonzen.org', 'bookgroup@bostonzen.org', 'julie@bostonzen.org', 'precepts@bostonzen.org', 'retreats@bostonzen.org', 'sanghacare@bostonzen.org', 'treasurer@bostonzen.org', 'info@bostonzen.org']",nan,['474-1925'],"['552 Mass Ave #208, Second Floor, Cambridge, MA 02139.']"
mazautoglass.com,nan,nan,nan,nan
melatee.com,nan,nan,nan,nan
timent.com,nan,nan,nan,nan
tlalocrivas.com,nan,nan,nan,nan
creativebusinessassociates.com,['Fill out the form or email me paula@pjeaston.com.'],['https://www.facebook.com/paula.easton'],['(310) 650-6862'],nan
cumberland-river.com,nan,nan,nan,nan
verdantporch.com,nan,nan,nan,nan
workitstudio.com,nan,nan,nan,nan
coffee-homemachines.club,nan,nan,nan,nan
mendiolagardening.com,nan,nan,nan,nan
thestonenc.com,nan,nan,nan,nan
kansaslimousin.org,nan,nan,nan,nan
kkcger.com,nan,nan,nan,nan
maddux.pro,nan,nan,nan,nan
ohanaconsulting.net,nan,nan,nan,nan
postmodern-strings.com,nan,nan,nan,nan
takapartners.com,nan,nan,nan,nan
techbarstore.com,nan,nan,nan,nan
top-salon-hair-salon.business.site,nan,nan,nan,nan
dolee-rentals.com,"['doleerentals@gmail.com', '']","['https://facebook.com/DoLee-Rentals-Inc-141860142549724', 'https://twitter.com/DexYPHQ/', 'https://twitter.com/']","['(229) 344-5037', '(141) 860-1425', '(229) 436-9620', '(202) 503-2612']",nan
kns-construction.com,nan,nan,nan,nan
timothyburger.com,nan,nan,nan,nan
trueaudio.com,['webmaster@trueaudio.com'],nan,"['(865) 494-3388', '19902024', '(978) 096-6377', '20072021']",['DATS V3 Quick Start / Troubleshooting \n\t\t\t\t/ Setup:']
venturemediaagency.com,['jason@venturemediaagency.com'],"['https://www.facebook.com/venturemediadigital/', 'https://www.instagram.com/venturemediadigital/']",['(732) 535-4027'],['100 Walnut Ave Clark NJ 07066']
garrettwietholter.com,nan,"['https://www.facebook.com/153341281385570', 'https://www.linkedin.com/in/garrett-wietholter-b5037a88']","['376-5267', '(317) 873-3230', '(153) 341-2813', '(855) 733-7333', '(317) 873-8958', '16171000013096225001', '61004981080228039588590', '318-1421']",nan
nashvilleucc.org,nan,nan,nan,nan
outforlifeministries.com,nan,nan,nan,nan
phack.org,nan,nan,nan,nan
potomaccanine.com,nan,nan,nan,nan
azureskies.com,nan,nan,nan,nan
couplescounselingatlanta.com,nan,nan,nan,nan
philstreeppc.com,nan,nan,nan,nan
romanthumbs.com,nan,nan,nan,nan
topcropalliance.com,"['rick.hoeing@plantpioneer.com', 'brian.bush@plantpioneer.com', 'baron.deck@granularcorteva.com', 'spencer.rueff@plantpioneer.com', 'andrew.mauer@plantpioneer.com']","['https://twitter.com/brianbbbush', 'https://www.facebook.com/topcropagronomy']","['(812) 614-0436', '(812) 593-8655', '(555) 555-5555', '(812) 716-0332', '(812) 343-9638']",nan
smilesbygateway.com,nan,nan,['(817) 858-6333'],nan
solarecon.wordpress.com,nan,nan,nan,nan
johnstons-clothiers.business.site,nan,nan,nan,nan
ohhappydayshatchetthrowing.com,nan,nan,nan,nan
plumbingbydlt.com,['plumbingbydlt@yahoo.com'],['https://www.facebook.com/Plumbing-By-DLT-217036568422674/'],"['(171) 397-9834', '107-6218', '(908) 984-1857', '(713) 979-8345', '(217) 036-5684']",nan
completecaredevelopmentcenter.com,nan,nan,nan,nan
kaleofamilies.org,['jimmy@kaleofamilies.org'],nan,['(678) 516-8242'],nan
monahanclinics.com,nan,"['https://www.instagram.com/monahanchiro_medical/', 'https://www.facebook.com/MonahanClinics']","['(904) 824-8353', '(168) 834-5985', '(386) 328-2710', '203-2080', '203-2177']",['419 Anastasia Blvd']
samantharaiderbrown.com,nan,nan,nan,nan
beagibbons.com,nan,nan,nan,nan
getranx.com,nan,nan,nan,nan
iam-boeing.com,nan,nan,nan,nan
roux30a.com,nan,nan,nan,nan
1laurellane.com,nan,nan,nan,nan
airprofork.com,nan,"['http://instagram.com/airprofork', 'https://www.instagram.com/p/B5OeatAl__d/', 'https://www.instagram.com/p/BtJO2SalP_b/', 'https://www.instagram.com/p/BfwG5VXH59P/', 'https://www.instagram.com/p/BfrhhXRnKPF/', 'https://www.instagram.com/p/BeirhaanHT_/', 'https://www.instagram.com/p/BeQ9OyCnDG6/']",nan,nan
candybartending.com,nan,nan,nan,nan
kelleyroadrace.com,nan,nan,nan,nan
marrs-jonesfuneralhome.com,nan,nan,nan,nan
motherssoontobe.com,nan,nan,nan,nan
palla-siding-and-windows.business.site,nan,nan,nan,nan
propertyguysnj.com,nan,nan,nan,nan
rcgglobaltv.com,nan,nan,nan,nan
rlosrivera.com,nan,nan,nan,nan
starcomconsulting.com,nan,nan,nan,nan
torget.org,nan,nan,nan,nan
cancersupportdelaware.org,nan,nan,nan,nan
cryptohomiesclub.io,nan,"['https://twitter.com/CRYPTOHOMIES_', 'https://www.instagram.com/cryptohomies_/', 'https://www.facebook.com/cryptohomiesnft']","['920-9035', '19862025']",nan
jessicaashwellness.com,nan,"['https://www.facebook.com/jessicaashwellness', 'https://www.instagram.com/jessicaashwellness/']",['(169) 718-3569'],nan
pctouchservices.com,nan,nan,nan,nan
sharonkinghoge.com,['skinghoge@aol.com'],['https://twitter.com/SharonKingHoge'],['21275061689177509925'],"['480 Park Avenue \xa0New York, NY 10022']"
steppir.com,nan,nan,nan,nan
highwayonerealestate.com,nan,"['https://www.facebook.com/highway-one-realty-218737271556777/', 'https://www.linkedin.com/in/nadine-lilley-50146633']","['185-5277', '(805) 235-2565', '(218) 737-2715', '185-5276', '185-5279', '241-3461', '01008171', '501-4663', '250-3847']",['180 4th Street']
minastollery.com,nan,['https://www.instagram.com/electric_skillet/'],nan,['©2021 Mina Stollery']
amwindowcleaning.org,nan,nan,nan,nan
cincyscrubs.com,"['', 'info@cincyscrubs.com']","['https://www.facebook.com/cincyscrubs/', 'https://www.instagram.com/@CincyScrubs']","['139-7583', '139-7572', '111-5152', '(513) 939-6007', '482-6114', '106-2785', '126-4250', '124-1941', '491-3922', '465-9574', '106-3377', '373-3213', '124-1940', '499-4300', '146-7610', '482-6113', '139-7580']",nan
figlass.biz,['FIglass@msn.com'],nan,"['(631) 583-5644', '(845) 354-6074']",nan
horizons.church,"['\xa0 \xa0info@horizonschurch.org', '', 'info@horizonschurch.org']","['https://www.facebook.com/HorizonsCommunityChurch/', 'https://www.instagram.com/horizons_community_church/', 'https://www.facebook.com/groups/366999870521503/']","['(140) 251-2570', '(402) 512-5700', '+5 013 470-808100', '730-8924', '(366) 999-8705']","['3200 Grainger Parkway, Lincoln, NE 68516']"
mygoodhorse.weebly.com,nan,nan,nan,nan
wombatworks.org,nan,nan,nan,nan
yourhairdynasty.com,nan,nan,nan,nan
alpha-research-associates-research-institute.business.site,nan,nan,nan,nan
annarborhomesrealtor.com,nan,nan,nan,nan
astepabovemb.com,nan,"['https://www.facebook.com/A-Step-Above-Flooring-810287332403927/', 'https://twitter.com/AStepAboveMB', 'https://instagram.com/astepaboveflooring/']","['(810) 287-3324', '20152016', '(102) 286-7125', '(843) 606-0758']","['721 Sandy Ln Unit F • Myrtle Beach, SC 29575']"
buchanan-edwards.online,nan,nan,nan,nan
busiup.com,nan,nan,nan,nan
clockinc.org,nan,nan,nan,nan
oceancurrent.com,nan,nan,nan,nan
arnoldprint.com,nan,nan,nan,nan
deepdivecounseling.net,nan,nan,nan,nan
forcht-law.com,nan,nan,nan,nan
graciejoplin.com,"['david@graciejoplin.com', 'shiloh@graciejoplin.com']","['https://www.facebook.com/graciejoplin', 'https://www.facebook.com/profile.php?id=1636452124', 'https://www.facebook.com/jason.rios.16547008', 'https://www.facebook.com/shiloh.burchfield', 'https://www.facebook.com/rob.gaul.3', 'https://www.facebook.com/profile.php?id=100003634880192', 'https://www.facebook.com/zach.lawson.54', 'https://www.facebook.com/Ghettotacos417', 'https://www.facebook.com/profile.php?id=100089055761441']","['165-4700', '(417) 621-5639', '(100) 089-0557', '(417) 850-6447', '(100) 003-6348', '(163) 645-2124']",nan
itpc-usa.com,nan,nan,nan,nan
scienceeducators.org,nan,nan,nan,nan
directdrivelogistics.com,nan,nan,"['(549) 425-2002', '156-3176']",nan
gsbphoto.com,nan,nan,nan,nan
pinehavenresort.com,nan,nan,nan,nan
cavachonsofoklahoma.com,nan,nan,nan,nan
fuecid.shop,nan,nan,nan,nan
janellesrestaurant.com,nan,nan,nan,nan
peacefulwolftaichi.com,nan,nan,nan,nan
uomosport.com,nan,nan,nan,nan
warnby.com,nan,nan,nan,nan
antiochassistedliving.com,nan,nan,nan,nan
davidprieto.realestate,"['info@syncbrokerage.com', 'david@syncbrokerage.com']","['https://twitter.com/incbrokerage', 'https://www.linkedin.com/feed/', 'https://www.facebook.com/syncbrokerage/', 'https://www.instagram.com/syncbrokerage', 'https://www.facebook.com/', 'https://twitter.com/', 'http://twitter.com/share', 'https://www.facebook.com/DPREServices/', 'https://www.linkedin.com/in/david-prieto-0a908330/']","['+2 025 201-71881417', '250-1526', '241-6646', '109-2517', '(818) 422-3831', '106-2642', '(426) 353-6320', '323-3323', '(818) 770-3660', '02031490']","['17404 Ventura Blvd. Unit 110, Encino, CA 91316']"
gygeneralservices.business.site,nan,nan,nan,nan
kickitupquilting.com,nan,nan,nan,nan
koimountain.com,nan,nan,nan,nan
pinolevistareimagined.com,nan,nan,nan,nan
seamuspuppy.com,nan,nan,nan,nan
aop3d.com,nan,nan,nan,nan
off-trail.co,nan,['https://www.instagram.com/offtrail.co/'],nan,nan
proexecstaffing.com,nan,nan,nan,nan
stewartgrain.com,['info@stewartgrain.com'],"['https://twitter.com/Barchart', 'https://www.facebook.com/Barchart', 'https://www.linkedin.com/company/barchart.com-inc.?trk=top_nav_home', 'https://www.instagram.com/barchartofficial/']","['316-1642', '316-1558', '316-2826', '316-2856', '316-2392', '316-2854', '316-1390', '(217) 759-7938', '76598622542177597938', '316-2144', '316-0815', '(374) 756-7743', '(765) 986-2254', '316-1756', '316-1293', '316-2494', '316-1740', '316-2828', '316-1302']",nan
truyasushica.com,nan,nan,nan,nan
yingtexun.com,nan,nan,nan,nan
camilluscusecamp.com,nan,nan,nan,nan
hyhp.org,['hawaiiyhp@gmail.com'],"['https://www.facebook.com/hawaiiyhp', 'https://www.linkedin.com/company/30611146/admin/', 'http://www.instagram.com/hawaiiyhp', 'https://www.linkedin.com/company/hyhp', 'https://www.instagram.com/hawaiiyhp']","['608-6252', '306-1114', '608-6247']",nan
rrrobotictec.com,nan,nan,nan,nan
thebeautyteam.com,nan,nan,nan,nan
justgooglebenhiggins.com,nan,nan,nan,nan
onsa.net,nan,nan,nan,nan
stitchncluck.com,nan,nan,nan,nan
ascend-tech.us,nan,nan,nan,nan
buryservices.com,nan,nan,nan,nan
cleaningsvccolumbiafalls.com,nan,nan,nan,nan
fortlaudedalepsychic.com,nan,nan,nan,nan
longrealty.com,nan,nan,nan,nan
miltongeorgialiving.com,nan,nan,"['132-1631', '135-1670', '(519) 850-1382', '(131) 831-6235', '485-3192', '100-0000']",nan
smensclub.org,nan,nan,nan,nan
woodgateapts.net,nan,"['https://www.facebook.com/sharer/sharer.php?u=https://www.woodgateapts.net&src=sdkpreparse', 'https://twitter.com/intent/tweet?text=Look%20at%20these%20amazing%20photos!', 'https://www.facebook.com/pg/aptswoodgate/photos/', 'https://www.instagram.com/woodgate.jordan.landing/']",['(844) 201-7843'],nan
crawfordproduction.com,nan,nan,nan,nan
fanbladedesigns.com,nan,nan,nan,nan
ghostmountain.org,nan,nan,nan,nan
lequedagua.com,nan,nan,nan,nan
lisinoprilfst.com,nan,nan,nan,nan
nbwatergardens.com,nan,nan,nan,nan
semillacenter.org,"['info@semillacenter.org', '\n\t\t\t\t\t\t\tinfo@semillacenter.org\t\t\t\t\t\t', '']","['https://www.facebook.com/SemillaCenter/', 'https://twitter.com/semillacenter', 'https://www.instagram.com/semillacenter/', 'https://twitter.com/semillacenter/']",nan,"['2742 15th Ave S, Minneapolis, MN 55407']"
jrmatheny.com,nan,"['http://instagram.com/jrmatheny', 'https://twitter.com/jason_r_matheny']",nan,nan
madebyjosy.com,nan,nan,nan,nan
philippineflowers.com,nan,nan,nan,nan
stpunited.org,nan,"['https://www.instagram.com/stpaulsraymore/', 'https://www.facebook.com/stpunited/']","['(816) 331-6444', '456-2554']",nan
thethriftyhijabi.com,nan,nan,nan,nan
timemusicgroupnyc.com,nan,nan,nan,nan
2701jamesmwood.com,nan,nan,nan,nan
behindthewhitebeard.com,nan,nan,nan,nan
calcoastjewelryappraisers.com,"[' info@ccjappraisers.com', '\ninfo@ccjappraisers.com']","['https://www.facebook.com/CalCoastJewelryAppraisers/', 'https://www.instagram.com/gemologistgirl/']","['(176) 050-4634', '091-7620', '(760) 504-6343']",['3001 Carlsbad Boulevard Suite 12']
floraottimer.com,nan,nan,nan,nan
infinitiofsouthatlanta.com,nan,nan,nan,nan
johnsoncreekrvresort.com,nan,nan,nan,nan
liketelevision.com,nan,nan,nan,nan
talkingparents.com,nan,nan,nan,nan
allcleanhomes.com,nan,nan,nan,nan
ericamhill.com,nan,nan,nan,nan
hypnosishealthworks.com,nan,nan,nan,nan
rewildyourgarden.com,nan,nan,nan,nan
shakeprosolutions.com,nan,"['https://www.facebook.com/ShakeProSolutions/', 'http://instagram.com/shakeprosolutions', 'https://twitter.com/shakepros']",nan,nan
themarketinggroupaz.com,nan,nan,nan,nan
virustarllc.com,nan,nan,nan,nan
continentalfresh.com,"['', 'sales@continentalfresh.com']",['https://www.linkedin.com/company/continental-fresh-llc/'],"['(555) 555-5555', '(305) 860-9611']",nan
marblepolishingmiami.net,"['info@marblepolishingmiami.net | Monday thru Friday 8:30 am to 5:30 pm.', 'info@marblepolishingmiami.net']",nan,['(305) 731-2242'],nan
tornadobaseball.com,"['', 'brian@tornadobaseball.com']",nan,nan,nan
hdnavalue.com,nan,nan,nan,nan
mojoparker.com,nan,"['https://www.facebook.com/mojoparker', 'https://instagram.com/mojoparkerblues']","['588-4837', '589-6927', '588-4885', '599-5992', '289-3377', '289-3373', '588-4894', '599-5984', '588-4858', '588-4831', '588-4855', '589-6932', '588-4875', '289-3372', '599-5939', '289-3376', '588-4841', '588-4899', '289-3368', '588-4879', '588-4811', '588-4872', '289-3375', '289-3374', '589-6924', '289-3369', '289-3371', '588-4835', '588-4833', '289-3370']",nan
proofpass.com,nan,nan,nan,nan
rgaineswebdevelopment.com,nan,nan,nan,nan
spynewsletter.com,nan,nan,nan,nan
charliesproshop.com,nan,nan,['(727) 397-3947'],['11401 Starkey Road']
haqelyaqeen.com,nan,nan,nan,nan
mutterpasshuellen.eu,nan,nan,nan,nan
theneumannproject.com,nan,nan,nan,nan
vibrantlifefarms.com,nan,nan,nan,nan
vipsmarthomes.com,nan,nan,nan,nan
jsdagency.com,nan,nan,nan,nan
sunnova-solar-oakland.business.site,nan,nan,nan,nan
tevisdenise.com,nan,nan,nan,nan
badgertoyotalift.com,nan,nan,nan,nan
bettoli.realtor,"['', 'bettolire@gmail.com', 'MAURIZIO@BETTOLI.REALTOR']","['https://facebook.com/NARdotRealtor', 'https://twitter.com/NARdotREALTOR', 'https://instagram.com/nardotrealtor/']",['(305) 356-7440'],nan
greggardnersbarbershop.com,nan,nan,nan,nan
hautesalonjc.com,nan,nan,nan,nan
ropescan.us,nan,nan,nan,nan
saracott.com,"['', 'email: sara@saracott.com']",nan,['(404) 850-1270'],nan
dumpsterrentalalhambraca.com,nan,nan,nan,nan
fynres.com,"['', 'property@fynres.com']",nan,['(954) 324-3793'],nan
hubbardstudios.com,nan,nan,nan,nan
roushdetailingllc.com,nan,nan,nan,nan
salinasidingcompany.com,nan,nan,nan,nan
arisepca.com,nan,"['http://www.facebook.com/ArisePCA', 'https://www.instagram.com/arisepresbyterian/', 'https://www.instagram.com/p/DHEvAh_Su7I/', 'https://www.instagram.com/p/DF0vLkoS4jQ/', 'https://www.instagram.com/p/DDzlFuFPvUy/', 'https://www.instagram.com/p/DC2DYE_pzOU/', 'https://www.instagram.com/p/C8e7aXNJh6Y/', 'https://www.instagram.com/p/C4wFeHqv3c_/', 'https://www.instagram.com/p/C4k7w6rrvjl/', 'https://www.instagram.com/p/C20msCgvWrr/']",nan,['631 Eucalyptus Ave']
hairbykole.com,nan,nan,nan,nan
bundlesbybassett.com,nan,nan,nan,nan
documentsandforms.com,['support@domain.com'],"['https://www.facebook.com/sharer/sharer.php?u=https%3A%2F%2Fdocumentsandforms.com%2Fdownloads%2Farticles-of-incorporation-2025-basic-series-free%2F', 'https://twitter.com/share?url=https%3A%2F%2Fdocumentsandforms.com%2Fdownloads%2Farticles-of-incorporation-2025-basic-series-free%2F&text=Articles+of+Incorporation+2025+Basic+Series+%E2%80%93+Free', 'https://www.facebook.com/sharer/sharer.php?u=https%3A%2F%2Fdocumentsandforms.com%2Fdownloads%2Farticles-of-incorporation-2025-series%2F', 'https://twitter.com/share?url=https%3A%2F%2Fdocumentsandforms.com%2Fdownloads%2Farticles-of-incorporation-2025-series%2F&text=Articles+of+Incorporation+2025+Series', 'https://www.facebook.com/sharer/sharer.php?u=https%3A%2F%2Fdocumentsandforms.com%2Fdownloads%2Fturning-digital-trash-into-cash-2%2F', 'https://twitter.com/share?url=https%3A%2F%2Fdocumentsandforms.com%2Fdownloads%2Fturning-digital-trash-into-cash-2%2F&text=Turning+Digital+Trash+Into+Cash', 'https://www.facebook.com/sharer/sharer.php?u=https%3A%2F%2Fdocumentsandforms.com%2Fdownloads%2Fthe-master-guide-to-plr-2%2F', 'https://twitter.com/share?url=https%3A%2F%2Fdocumentsandforms.com%2Fdownloads%2Fthe-master-guide-to-plr-2%2F&text=The+Master+Guide+To+PLR', 'https://www.facebook.com/sharer/sharer.php?u=https%3A%2F%2Fdocumentsandforms.com%2Fdownloads%2Fproduct-flipping-for-cash-2%2F', 'https://twitter.com/share?url=https%3A%2F%2Fdocumentsandforms.com%2Fdownloads%2Fproduct-flipping-for-cash-2%2F&text=Product+Flipping+For+Cash', 'https://www.facebook.com/sharer/sharer.php?u=https%3A%2F%2Fdocumentsandforms.com%2Fdownloads%2Finternet-marketers-guide-to-plr-2%2F', 'https://twitter.com/share?url=https%3A%2F%2Fdocumentsandforms.com%2Fdownloads%2Finternet-marketers-guide-to-plr-2%2F&text=Internet+Marketers+Guide+To+PLR', 'https://www.facebook.com/sharer/sharer.php?u=https%3A%2F%2Fdocumentsandforms.com%2Fdownloads%2F7-days-to-plr-profits-2%2F', 'https://twitter.com/share?url=https%3A%2F%2Fdocumentsandforms.com%2Fdownloads%2F7-days-to-plr-profits-2%2F&text=7+Days+To+PLR+Profits', 'https://www.facebook.com/sharer/sharer.php?u=https%3A%2F%2Fdocumentsandforms.com%2Fdownloads%2Ftimeless-sales-strategies-2%2F', 'https://twitter.com/share?url=https%3A%2F%2Fdocumentsandforms.com%2Fdownloads%2Ftimeless-sales-strategies-2%2F&text=Timeless+Sales+Strategies', 'https://www.facebook.com/sharer/sharer.php?u=https%3A%2F%2Fdocumentsandforms.com%2Fdownloads%2Fdont-delay-sell-more-online-2%2F', 'https://twitter.com/share?url=https%3A%2F%2Fdocumentsandforms.com%2Fdownloads%2Fdont-delay-sell-more-online-2%2F&text=Don%E2%80%99t+Delay%2C+Sell+More+Online', 'https://www.facebook.com/sharer/sharer.php?u=https%3A%2F%2Fdocumentsandforms.com%2Fdownloads%2Fnetworking-public-speaking-for-internet-marketers-2%2F', 'https://twitter.com/share?url=https%3A%2F%2Fdocumentsandforms.com%2Fdownloads%2Fnetworking-public-speaking-for-internet-marketers-2%2F&text=Networking+%26+Public+Speaking+For+Internet+Marketers', 'https://www.facebook.com/sharer/sharer.php?u=https%3A%2F%2Fdocumentsandforms.com%2Fdownloads%2Fhow-to-price-your-product-or-service-just-right-2%2F', 'https://twitter.com/share?url=https%3A%2F%2Fdocumentsandforms.com%2Fdownloads%2Fhow-to-price-your-product-or-service-just-right-2%2F&text=How+To+Price+Your+Product+Or+Service+Just+Right', 'https://www.facebook.com/sharer/sharer.php?u=https%3A%2F%2Fdocumentsandforms.com%2Fdownloads%2Fheavy-duty-online-selling-2%2F', 'https://twitter.com/share?url=https%3A%2F%2Fdocumentsandforms.com%2Fdownloads%2Fheavy-duty-online-selling-2%2F&text=Heavy+Duty+Online+Selling', 'https://www.facebook.com/sharer/sharer.php?u=https%3A%2F%2Fdocumentsandforms.com%2Fdownloads%2Ffiresale-profits-revealed-2%2F', 'https://twitter.com/share?url=https%3A%2F%2Fdocumentsandforms.com%2Fdownloads%2Ffiresale-profits-revealed-2%2F&text=Firesale+Profits+Revealed', 'https://www.facebook.com/sharer/sharer.php?u=https%3A%2F%2Fdocumentsandforms.com%2Fdownloads%2Fdoing-business-with-paypal-2%2F', 'https://twitter.com/share?url=https%3A%2F%2Fdocumentsandforms.com%2Fdownloads%2Fdoing-business-with-paypal-2%2F&text=Doing+Business+With+Paypal', 'https://www.facebook.com/sharer/sharer.php?u=https%3A%2F%2Fdocumentsandforms.com%2Fdownloads%2Flearning-the-legalese-2%2F', 'https://twitter.com/share?url=https%3A%2F%2Fdocumentsandforms.com%2Fdownloads%2Flearning-the-legalese-2%2F&text=Learning+The+Legalese', 'https://www.facebook.com/sharer/sharer.php?u=https%3A%2F%2Fdocumentsandforms.com%2Fdownloads%2Fcash-building-strategies-2%2F', 'https://twitter.com/share?url=https%3A%2F%2Fdocumentsandforms.com%2Fdownloads%2Fcash-building-strategies-2%2F&text=Cash+Building+Strategies', 'https://www.facebook.com/sharer/sharer.php?u=https%3A%2F%2Fdocumentsandforms.com%2Fdownloads%2Fthe-master-guide-to-plr%2F', 'https://twitter.com/share?url=https%3A%2F%2Fdocumentsandforms.com%2Fdownloads%2Fthe-master-guide-to-plr%2F&text=The+Master+Guide+To+PLR', 'https://www.facebook.com/sharer/sharer.php?u=https%3A%2F%2Fdocumentsandforms.com%2Fdownloads%2Fthe-ultimate-copywriting-handbook%2F', 'https://twitter.com/share?url=https%3A%2F%2Fdocumentsandforms.com%2Fdownloads%2Fthe-ultimate-copywriting-handbook%2F&text=The+Ultimate+Copywriting+Handbook', 'https://www.facebook.com/sharer/sharer.php?u=https%3A%2F%2Fdocumentsandforms.com%2Fdownloads%2Femail-marketing-101%2F', 'https://twitter.com/share?url=https%3A%2F%2Fdocumentsandforms.com%2Fdownloads%2Femail-marketing-101%2F&text=Email+Marketing+101', 'https://www.facebook.com/sharer/sharer.php?u=https%3A%2F%2Fdocumentsandforms.com%2Fdownloads%2Faction-driven-living%2F', 'https://twitter.com/share?url=https%3A%2F%2Fdocumentsandforms.com%2Fdownloads%2Faction-driven-living%2F&text=Action+Driven+Living', 'https://www.facebook.com/sharer/sharer.php?u=https%3A%2F%2Fdocumentsandforms.com%2Fdownloads%2Fslaying-social-anxiety%2F', 'https://twitter.com/share?url=https%3A%2F%2Fdocumentsandforms.com%2Fdownloads%2Fslaying-social-anxiety%2F&text=Slaying+Social+Anxiety', 'https://www.facebook.com/sharer/sharer.php?u=https%3A%2F%2Fdocumentsandforms.com%2Fdownloads%2Flearning-the-legalese%2F', 'https://twitter.com/share?url=https%3A%2F%2Fdocumentsandforms.com%2Fdownloads%2Flearning-the-legalese%2F&text=Learning+The+Legalese', 'https://www.facebook.com/sharer/sharer.php?u=https%3A%2F%2Fdocumentsandforms.com%2Fdownloads%2Fcash-building-strategies%2F', 'https://twitter.com/share?url=https%3A%2F%2Fdocumentsandforms.com%2Fdownloads%2Fcash-building-strategies%2F&text=Cash+Building+Strategies', 'https://www.facebook.com/sharer/sharer.php?u=https%3A%2F%2Fdocumentsandforms.com%2Fdownloads%2Fthe-branding-formula%2F', 'https://twitter.com/share?url=https%3A%2F%2Fdocumentsandforms.com%2Fdownloads%2Fthe-branding-formula%2F&text=The+Branding+Formula', 'https://www.facebook.com/sharer/sharer.php?u=https%3A%2F%2Fdocumentsandforms.com%2Fdownloads%2Fproduct-funnel-optimization%2F', 'https://twitter.com/share?url=https%3A%2F%2Fdocumentsandforms.com%2Fdownloads%2Fproduct-funnel-optimization%2F&text=Product+Funnel+Optimization', 'https://www.facebook.com/sharer/sharer.php?u=https%3A%2F%2Fdocumentsandforms.com%2Fdownloads%2Fmiracle-commissions%2F', 'https://twitter.com/share?url=https%3A%2F%2Fdocumentsandforms.com%2Fdownloads%2Fmiracle-commissions%2F&text=Miracle+Commissions', 'https://www.facebook.com/sharer/sharer.php?u=https%3A%2F%2Fdocumentsandforms.com%2Fdownloads%2Finternet-marketing-secrets-unlocked%2F', 'https://twitter.com/share?url=https%3A%2F%2Fdocumentsandforms.com%2Fdownloads%2Finternet-marketing-secrets-unlocked%2F&text=Internet+Marketing+Secrets+Unlocked', 'https://facebook.com/', 'https://twitter.com/']",nan,['2543 Jennifer Lane']
lineoftecnologia.com,nan,nan,nan,nan
mikesagfencerepair.com,nan,nan,nan,nan
sootheyoursoulmassage.com,nan,nan,nan,nan
thatpaintgirl.com,nan,nan,nan,nan
cgllcairheatingandcoolingservices.business.site,nan,nan,nan,nan
clinejewelers.com,nan,"['https://www.facebook.com/clinejewelers', 'https://www.instagram.com/clinejewelers/']",['(425) 673-9090'],nan
1vandegraaff.com,nan,nan,nan,nan
betterbuildco.com,nan,nan,nan,nan
dreamservicesoftware.com,"['\nE-mail – team@dreamservicesoftware.com', 'team@dreamservicesoftware.com']","['https://www.linkedin.com/company/dream-service-software', 'https://www.facebook.com/dreamservicecrm', 'https://www.instagram.com/dreamservicesoftware/']","['+1 210 695-0795', '(117) 432-8672']","['11802 Warfield St, San Antonio,\n\nTX 78216, United States\n\nEmail:']"
meskauskis.com,nan,nan,nan,nan
thelocalmanjakemangan.com,nan,nan,nan,nan
timberwoodofnaples.org,nan,nan,nan,nan
two2brew.com,nan,nan,nan,nan
loydayu.com,nan,['http://www.facebook.com/ErikaLoydaYu'],"['00912522', '(619) 889-7788', '01897784', '01310483', '(619) 475-7777']",['860 Kuhn Dr.']
markhensonart.com,"['email us at sacred@pacific.net', 'you may email us at sacred@pacific.net', 'email: sacred@pacific.net', ',\xa0or by writing him at sacredlight@pacific.net.']","['https://www.facebook.com/pages/Mark-Henson/47191016712', 'http://www.facebook.com', 'http://www.twitter.com', 'http://www.instagram.com']","['198-7109', '193-7776', '193-1395', '193-7778', '(707) 275-2201', '205-4099', '208-3759', '124-9872', '275-2201', '(707) 245-3507', '208-3918', '(707) 730-8538', '194-0862', '196-5376', '193-7800', '728-2676', '208-2475', '(471) 910-1671', '193-6541', '196-5433', '729-5482']",['4140 West\xa0 State Highway 20']
tangodown.com,nan,nan,nan,nan
iambaldianastyles.info,nan,nan,nan,nan
innovativeinstruction.org,nan,nan,nan,nan
lassomd.com,nan,"['https://www.facebook.com/Hi.LassoMD/', 'https://www.instagram.com/hi.lassomd/']",['(888) 448-8149'],nan
nefsvt.com,nan,"['https://l.facebook.com/l.php?u=https%3A%2F%2Ftinyurl.com%2FNEFS-Review%3Ffbclid%3DIwZXh0bgNhZW0CMTAAAR2MZ04anwLTflN7PakFVkg3mJg0jp5UitudS43BOj4Ooe0EBNOGZdUsxhY_aem_tiud7hH0vPa9Gqxz8_uwzw&h=AT1F0EJEuRukQQKD82INrwaqfJ0n3TsXvMOuwtXuNHLGdPZpM90coNNxPQz8shXHfL4W-OBv4a_CNLVrGGtLAwoYQNbjZQCvULYybMMGGSHs_fGKwQwBCXBSxASzt3QFKsAk&__tn__=R]-R&c[0]=AT2VwuMB2rNfgTJh7izkEjZ4-yBt1W0jPw67qAg1kplGDJkTDwCSE_UVnp5uZrRorVmo_XFcDudZEqP9iYqO3KrWXsKePI0Z9ImTFOOBYsWEze78N6tUTGA6P6ALqWyekFeHcBgvTb6Ps-JbVfS1Gt_Dd29llQd5lZ6WdsVed3Vpl6l-StfJaZLS0hPWVhCiT9pu1BxWFtf0XmPX0-aS-BXnUqmU4gRXhyLaRg', 'https://www.facebook.com/NortheastFarmServices/', 'https://www.facebook.com/NortheastFarmServices/?ref=hl', 'https://www.instagram.com/nefsvt/', 'https://www.instagram.com/p/DDIVhv4OM0t/', 'https://www.instagram.com/p/DDCoHDqxPxb/', 'https://www.instagram.com/p/DC9aOc5C9oL/', 'https://www.instagram.com/p/DC7e3CgP8s4/', 'https://www.instagram.com/p/DC6ntzmJYNw/', 'https://www.instagram.com/p/DC4nOnkJEUG/', 'https://www.instagram.com/p/DC4QoZEIuoI/', 'https://www.instagram.com/p/DC2fUNxoK0E/']",['(802) 754-8863'],nan
yourvibrantnutrition.com,"['', 'vibrantwellness.ao@gmail.com']","['https://www.linkedin.com/in/annette-o-neill-rdn-3182a5ba/', 'https://www.facebook.com/Dietitianinfo/', 'https://www.instagram.com/wellnessoneill/']",['(732) 829-5146'],nan
burst-media.com,nan,nan,nan,nan
hightechautoservicesantamonica.com,nan,nan,nan,nan
rebeccathebadass.com,nan,['https://www.instagram.com/rebeccaekeating/'],['205-8260'],nan
tsunamipolo.org,nan,nan,nan,nan
bergesenterpriseinc.com,nan,nan,nan,nan
brooklyntreecompany.com,nan,nan,nan,nan
citycenterwaco.com,nan,nan,nan,nan
paysonhandyman.com,nan,"['https://www.google.com/url?q=https%3A%2F%2Fwww.facebook.com%2Fpaysonhandyman%2F%3Fref%3Dpages_you_manage&sa=D&sntz=1&usg=AOvVaw00lBsIL37bVvNsYefyp_HP', 'https://www.google.com/url?q=https%3A%2F%2Ftwitter.com%2FHandymanPayson&sa=D&sntz=1&usg=AOvVaw2OBFkntXs4uqe1QDv4Hequ', 'http://www.google.com/url?q=http%3A%2F%2Finstagram.com%2Fpaysonhandyman&sa=D&sntz=1&usg=AOvVaw0XxJ0NDLvG0pT2n_8zA_Rp']",['000-0017'],nan
skdesignbuildllc.com,nan,"['https://twitter.com/SK_Technologies', 'https://www.facebook.com/sktcorp', 'https://www.linkedin.com/company/s&k-technologies/']","['(520) 622-2590', '(478) 953-2275', '(478) 971-6780', '(406) 745-7506', '(478) 333-5370', '(866) 758-2677', '(520) 742-0457', '(250) 946-3300', '(478) 333-5300', '(406) 745-7500']","['63066 Old Highway 93, Suite D']"
adaini.com,nan,nan,nan,nan
brilliantcityreiki.com,nan,nan,nan,nan
genfreellc.com,nan,nan,nan,nan
gentzlerelectric.com,nan,nan,nan,nan
moorecapitalservices.net,nan,nan,['(898) 410-4149'],nan
amendedbeauty.com,nan,nan,nan,nan
beautifulbodybabes.com,nan,nan,nan,nan
charlesmann-contracting.com,nan,nan,nan,nan
growthfutures.net,nan,nan,nan,nan
janarose.us,nan,"['https://www.instagram.com/reel/CuUoHCqs3gq/', 'https://www.instagram.com/reel/CuSUzDdp3S4/', 'https://www.instagram.com/reel/CuPiaj9r-ZK/', 'https://www.instagram.com/p/CuFPFmELou9/', 'https://www.instagram.com/reel/CuDXVwGJ5nv/', 'https://www.instagram.com/reel/CuAPx0wJocZ/', 'https://www.instagram.com/reel/Ct96i3op0vY/', 'https://www.instagram.com/reel/Ct7P56apYIg/', 'https://www.instagram.com/reel/Ct38o-uNK_o/', 'https://www.instagram.com/reel/Ctpf4NBpW95/', 'https://www.instagram.com/p/CtpAf4TJKnC/', 'https://www.instagram.com/reel/CtbwblgRU_k/']",nan,nan
pearlcorker.wordpress.com,nan,nan,nan,nan
skinnerdaylilies.com,nan,nan,nan,nan
tamalpaistaichi.com,['onome2@gmail.com'],nan,nan,nan
asahisuperdry.com,nan,nan,nan,nan
drrokh.com,nan,nan,nan,nan
highwaydistribution.net,"['info@cannabis.com', 'info@bold-themes.com', 'support@bold-themes.com']","['https://www.facebook.com/boldthemes/', 'https://twitter.com/bold_themes', 'https://www.instagram.com/bold_themes/']",['+1 800 555-4985'],nan
kellyhohlainteriors.com,nan,"['https://www.instagram.com/kellyhohla/', 'https://www.facebook.com/hohlainteriors/']",nan,nan
lawrencedy.com,nan,nan,nan,nan
sullivanswcd.org,nan,['https://www.facebook.com/profile.php?id=61558103647651'],"['(845) 292-6552', '(845) 295-9073', '(615) 581-0364']",nan
ergoactives.com,nan,nan,nan,nan
grpinsurance.com,nan,nan,nan,nan
laydomsouth.org,nan,nan,nan,nan
shoplakebuoy.com,nan,nan,nan,nan
tambasamba.design,nan,nan,nan,nan
acornlawpc.com,['team@acorn.law'],['https://www.facebook.com/acornlaw/'],['(805) 409-3878'],nan
airelibreavenue.com,nan,nan,nan,nan
erichedlund.com,nan,nan,nan,nan
imperiumstrategiesllc.com,"['', 'info@imperiumstrategiesllc.com']","['https://www.facebook.com/ImperiumPublicStrategies/', 'http://instagram.com/imperiumpublicstrategies', 'https://www.linkedin.com/company/imperium-public-strategies/']",nan,nan
4v21.com,nan,"['https://twitter.com/share', 'https://twitter.com/richardwolffedc', 'https://twitter.com/realDonaldTrump/status/949619270631256064']","['19585555880283733573282359749842813065920185', '355-5653', '436-5702', '454-8480', '(949) 619-2706']",nan
intfloors.com,nan,nan,nan,nan
norconindustries.net,['tim@norconindustries.net'],nan,"['594-2733', '(480) 839-2324', '(555) 555-5555']","['8437 Washington Pl NE, Albuquerque, New Mexico, United States']"
tic-texas.com,nan,nan,nan,nan
trihealthbalance.com,nan,nan,nan,nan
bathpeople.com,nan,nan,nan,nan
bubongstore.com,nan,nan,nan,nan
cedarwork.org,nan,nan,nan,nan
helixapartments.com,nan,nan,nan,nan
richardsservicecenter.com,nan,nan,nan,nan
epertase.com,nan,nan,nan,nan
id44.com,nan,nan,nan,nan
laflosd.com,nan,nan,nan,nan
lifeofbtc.org,"['', 'beyondthecourt@icloud.com']","['https://www.instagram.com/life.of.btc/', 'https://www.facebook.com/Sterling-Council-605921499827431']","['(605) 921-4998', '(803) 549-0083']",nan
openairchair.com,nan,nan,nan,nan
sushirawsf.com,nan,nan,nan,nan
verve-medical.com,nan,nan,nan,nan
jaredshavelson.com,nan,nan,nan,nan
lgcountryschool.com,nan,nan,nan,nan
wanakenapinecone.wordpress.com,nan,nan,nan,nan
clevelandheightsapartments.com,nan,nan,nan,nan
highqualitypcs.com,nan,nan,nan,nan
tylerteaches.com,nan,nan,nan,nan
86fest.com,nan,"['https://www.instagram.com/86fest/', 'https://www.facebook.com/86FEST/', 'https://www.facebook.com/CarsWithoutLimits/', 'https://instagram.com/socalsd86/', 'https://www.facebook.com/events/285767488297736/', 'https://instagram.com/azfrs86/', 'https://www.facebook.com/TeamTopakRacing']",['(285) 767-4882'],nan
elijahvest.com,nan,nan,nan,nan
hannacho.com,nan,nan,nan,nan
jasonheltonrealestate.com,nan,nan,nan,nan
kathymetzinc.com,nan,"['https://www.facebook.com/', 'https://www.twitter.com/', 'https://www.linkedin.com/', 'https://www.instagram.com/']",['38065544'],"[""'123 Main St, Anytown'""]"
platformtemizlik.com,nan,nan,nan,nan
shmstudios.com,nan,nan,nan,nan
westtubingcompany.com,nan,"['https://www.facebook.com/westtubingcompany', 'https://www.instagram.com/west_tubing_company/', 'https://www.instagram.com/reel/Cv53n2Pg-Aa/?utm_source=ig_embed&utm_campaign=loading']",['(828) 389-8823'],['6175 Old Hwy 64 W']
advance-tcc.com,nan,nan,nan,nan
bluestreakgrinding.com,nan,nan,nan,nan
tashahmoore.com,nan,nan,nan,nan
thejewishheritagefoundation.com,nan,nan,nan,nan
veritassynergetic.com,nan,nan,nan,nan
wellbaum-apiaries.business.site,nan,nan,nan,nan
aroostooktechnologies.com,nan,nan,nan,nan
branchedoakmarina.com,nan,nan,nan,nan
brandibaileyphotos.com,nan,nan,nan,nan
daylilyhealth.org,['info@daylilyhealth.org'],"['https://facebook.com/daylilyhealth', 'https://www.linkedin.com/company/daylilyhealth', 'https://instagram.com/daylilyhealth']",['(248) 556-4556'],"['2723 S State St., Ste 150']"
woodstocklodge246.org,nan,nan,nan,nan
burkeoppenheim.com,nan,nan,nan,nan
eringallagher.wordpress.com,nan,nan,nan,nan
snugharborca.com,nan,nan,nan,nan
successoilco.com,nan,nan,nan,nan
thermalpd.com,nan,nan,nan,nan
emergencyinternational.org,nan,nan,nan,nan
foxtrailerservice.com,nan,nan,nan,nan
nomadicbearproductions.com,nan,nan,nan,nan
powersfamilymedicine.com,['Questions@PowersFamilyMedicine.com'],['http://www.facebook.com/powersmedicine'],"['+1 248 987-2958', '(124) 848-2622', '+1 248 482-6222']",nan
themacks.wordpress.com,nan,nan,nan,nan
timothylee.us,nan,nan,nan,nan
nu-imagepainting.com,nan,nan,nan,nan
southsidedentalcare-dentalclinic.business.site,nan,nan,nan,nan
citadelurban.com,nan,"['https://www.facebook.com/profile.php?id=61555742331720', 'https://www.instagram.com/citadelurban/']","['(210) 898-4777', '(615) 557-4233']",nan
coopster.org,nan,"['http://twitter.com/share?url=http://coopster.org/4/post/2025/03/back-on-line.html', 'http://twitter.com/share?url=http://coopster.org/4/post/2021/05/happy-days-we-now-have.html', 'http://twitter.com/share?url=http://coopster.org/4/post/2021/04/but-we-have-not-done-it-alone.html', 'http://twitter.com/share?url=http://coopster.org/4/post/2021/04/how-time-flies.html', 'http://twitter.com/share?url=http://coopster.org/4/post/2020/11/november-23rd-2020.html', 'http://twitter.com/share?url=http://coopster.org/4/post/2020/11/update-from-nymboida.html', 'http://twitter.com/share?url=http://coopster.org/4/post/2020/02/sunday-feb-9th.html', 'http://twitter.com/share?url=http://coopster.org/4/post/2020/02/update-7th-of-february.html', 'http://twitter.com/share?url=http://coopster.org/4/post/2020/01/jan-27th-2020.html', 'http://twitter.com/share?url=http://coopster.org/4/post/2020/01/january-24th-2020.html']","['343-2011', '003-2018', '20032018']",nan
directjet.com,nan,nan,nan,nan
sacreativedesign.com,nan,nan,nan,nan
yjlashstudio.com,nan,nan,nan,nan
sanfranciscowinecenter.com,nan,nan,nan,nan
sceniclandscaping.net,nan,nan,nan,nan
techsynario.com,nan,nan,nan,nan
temploebenezerweslaco.com,nan,nan,nan,nan
cotherix.com,nan,nan,nan,nan
leahyfamilydentistry.com,nan,nan,nan,nan
ohanacrm.com,nan,nan,nan,nan
pd2llc.com,nan,nan,nan,nan
romesportshalloffame.com,nan,nan,nan,nan
studiobsalon.net,nan,nan,nan,nan
aristacons.com,['Supportyou@Delaware.com'],"['https://facebook.com/delaware', 'https://twitter.com/delaware']","['+1 857 899-0009', '+2 857 899-0009', '+3 857 899-0009', '(857) 899-0009']",['DE 198 Tech Road']
sbmobilenails.com,nan,nan,nan,nan
aether-multimedia-llc.business.site,nan,nan,nan,nan
aspecialtouchflorist.net,nan,nan,nan,nan
cowpaddyfudge.wordpress.com,nan,nan,nan,nan
maquez-kennelz.business.site,nan,nan,nan,nan
tax-masters.net,nan,nan,nan,nan
ticketsregina.com,nan,nan,nan,nan
abujaluxuryhome.com,nan,nan,nan,nan
belozapp.com,nan,nan,nan,nan
harmonystarkennel.com,nan,nan,nan,nan
homesforsalescv.com,nan,nan,nan,nan
1stamc.com,"['info@1stamc.com', 'info@1stAMC.com']","['https://www.facebook.com/1stAMC/', 'https://www.linkedin.com/in/susan-and-manuel-perez-44933012']","['(626) 483-6281', '(626) 483-6280', '449-3301', '(800) 944-4072', '(180) 094-4407', '116-7259', '101222979', '(162) 648-3628']",nan
abbevillecalendar.com,nan,nan,nan,nan
apollostreams.com,nan,nan,nan,nan
fitfeetflorida.com,"['', 'template.placeholder@gmail.com']","['https://www.facebook.com/FitFeetForLifeFootandAnkle/', 'https://www.facebook.com/squarespace/', 'https://twitter.com/squarespace?ref_src=twsrc%5Egoogle%7Ctwcamp%5Eserp%7Ctwgr%5Eauthor']","['(813) 645-1993', '(727) 824-5100', '813-6451', '(813) 563-6458', '(212) 555-0110']",nan
kaylabeehler.com,nan,"['https://www.instagram.com/kb_designs/', 'https://www.linkedin.com/in/kayla-beehler-61691410a/']",['616-9141'],nan
parisfumc.org,nan,nan,nan,nan
jointguard.com,['\n                       info@liptisusa.com\n                    '],nan,nan,nan
kusbeautyusa.com,nan,nan,nan,nan
logansquarelaundry.com,nan,nan,nan,nan
mogreenway.com,nan,nan,['(314) 400-8136'],nan
al-advertising-diet-store.com,nan,nan,nan,nan
artworkbydoyle.com,nan,nan,nan,nan
bc-hinger.com,nan,nan,nan,nan
beautyblueprintllc.com,nan,nan,nan,nan
bookkeepinglogic.com,nan,nan,nan,nan
neomedia-dg.com,nan,"['https://www.facebook.com/neomedia.dg', 'https://www.instagram.com/neomedia.dg', 'https://www.linkedin.com/company/neomedia-design-group']","['(915) 201-2695', '+2 491 520-12695']",nan
reveportraits.com,nan,nan,nan,nan
rustyskate.com,nan,nan,nan,nan
shootmethevin.com,nan,nan,nan,nan
3lechesbake.com,nan,nan,nan,nan
baypointlabs.com,"['info@baypointlabs.com', '']",nan,['(707) 747-6081'],nan
bigtransformerbushings.com,nan,nan,nan,nan
feltgoodmusic.com,nan,nan,nan,nan
lionsteelstructuresco.com,nan,nan,nan,nan
royaltycleaningva.co,nan,nan,nan,nan
sherricornett.com,nan,nan,['110-5864'],nan
childcarecompany.org,nan,['//www.facebook.com/childcarecompany'],"['(240) 583-0865', '(171) 012-0116']",nan
kathrynsonmoonlake.com,nan,nan,nan,nan
periogel.net,nan,nan,nan,nan
prashnercpa.com,nan,"['https://www.facebook.com/Barbara-Prashner-CPA-PC-128144142015', 'https://us.linkedin.com/in/barbara-prashner-cpa-p-c-8914127']","['891-4127', '20182020', '(512) 326-1440', '(128) 144-1420']",nan
whittiershuttle.com,['info@alaskacruisetransfer.com'],nan,"['(190) 735-0601', '181-8709', '+1 888 257-8527', '1907350601018882578527', '+1 907 350-6010']",nan
aetheradvisors.com,nan,nan,nan,nan
ageanabrett.com,nan,nan,nan,nan
crossroadsrvpk.com,nan,nan,nan,nan
fightguard.net,nan,nan,nan,nan
nationalcapitalfitday.com,nan,nan,nan,nan
ordercrustandbuns.com,nan,nan,nan,nan
seattlecandle.com,nan,nan,nan,nan
theneedlehouse.com,['NeedleHouse@TheNeedleHouse.com'],nan,"['(713) 522-9766', '(713) 522-9704', '(171) 352-2976', '131-2646', '20072025', '184-0218', '(171) 352-2970']",['2422 Tangley Street']
allstarbp.com,nan,nan,nan,nan
dallassurgicalgroup.com,nan,nan,nan,nan
daveandtracy.org,nan,nan,nan,nan
garagedoor-repair-waynenj.com,nan,nan,['(973) 319-7770'],"['Our Address: 1591 Alps Rd, Wayne, NJ 07470, USA']"
jshs-tn.utk.edu,nan,nan,nan,nan
jtheater.com,nan,nan,nan,nan
randrdance.com,nan,nan,nan,nan
sbstransportllc.com,nan,nan,nan,nan
when2heartsbeatas1.org,nan,nan,nan,nan
abreakdisabilityandrespite.com,nan,nan,nan,nan
aestatix.com,nan,nan,nan,nan
cadottfamilyrestaurant.com,nan,nan,nan,nan
figureitoutagency.com,nan,nan,nan,nan
galleongc.com,nan,nan,nan,nan
jadynbags.com,nan,nan,nan,nan
liverpoolchurch.com,nan,nan,nan,nan
cwenergyusa.com,nan,nan,nan,nan
indiyoung.com,nan,nan,nan,nan
newasianjuyuan.com,nan,nan,"['(763) 595-8888', '205-5427']",nan
simplicitymovers.com,nan,nan,nan,nan
smartdivorcestrategy.com,nan,"['https://www.linkedin.com/in/lauramiolla/', 'https://www.instagram.com/thebrainwisecoach/']",nan,nan
tandoorrestaurants.com,nan,nan,nan,nan
tribeofdantours.com,['danglick62@gmail.com'],nan,['(513) 328-8852'],nan
boyettrecovery.com,nan,nan,nan,nan
erikashome.com,nan,nan,nan,nan
hbcofrochester.org,nan,['https://www.facebook.com/JesuslovesRochester/'],['(217) 491-3343'],nan
littlefeetforestschool.org,nan,nan,nan,nan
motinidesigns.com,nan,nan,nan,nan
nationalcarousels158.com,nan,nan,nan,nan
2020relining.com,nan,nan,nan,nan
advancenetsupport.com,"['info@advancenetsupport.com', 'By submitting, I consent to receive text messages from Advance Network Support related to IT support issues, newsletter, tech tips, follow-up on your IT request ticket , etc. You may reply STOP to opt-out at any time. For assistance, reply HELP or email help@advancenetsupport.com. Messages and data rates may apply. Message frequency will vary. Learn more on our privacy policy page. *']","['https://www.facebook.com/profile.php?id=100064803528337', 'https://www.linkedin.com/company/106028228/admin/dashboard/', 'https://www.instagram.com/advancenetworksupport/']","['(100) 064-8035', '(305) 306-6487', '(178) 642-6349', '(786) 426-3492', '106-0282']",nan
drtompastor.com,"['', 'drtom@drtompastor.com']",nan,['(612) 314-3739'],['227 Colfax Ave N']
mottshay.com,nan,nan,nan,nan
patscrap.co.uk,nan,nan,nan,nan
rethinkingwealth.org,nan,nan,nan,nan
centralcoastmd.com,nan,nan,nan,nan
ellen4wcsd.com,nan,nan,nan,nan
missinglnk.com,nan,nan,nan,nan
themorvarid.com,nan,nan,nan,nan
thephotoboothunlimited.com,nan,nan,nan,nan
urtubiavielma.com,nan,nan,nan,nan
advertiserandmarketersplatform.com,nan,nan,nan,nan
carvedsoulsmusic.com,nan,nan,nan,nan
assemblyninja.com,nan,nan,['(909) 278-9985'],nan
biodyn-lifesciences.com,nan,nan,nan,nan
pastorecompany.com,nan,nan,nan,nan
sheetmetallocal399.com,nan,nan,nan,nan
sweetadswebcast.com,nan,"['http://facebook.com/sweetadelinesintl', 'http://instagram.com/sweetadelinesintl']",nan,nan
greenissue.eu,nan,nan,nan,nan
kcc.org,nan,nan,nan,nan
river-valley-rv-park-tx.business.site,nan,nan,nan,nan
scentvillage.com,nan,nan,nan,nan
virtekcompany.com,"['info@virtekcompany.com', '   info@virtekcompany.com']",nan,"['(800) 844-9182', '(117) 225-6979']",nan
saipanyc.com,nan,nan,nan,nan
hiddengallerywines.com,nan,"['https://www.facebook.com/hiddengallerywines', 'https://www.instagram.com/hiddengallerywines/']",nan,nan
kristyler.com,nan,nan,nan,nan
perspicacitylabs.com,nan,nan,nan,nan
theuntamedcreative.co,nan,nan,nan,nan
angelabrite.com,nan,nan,nan,nan
clovercutsandcolor.com,nan,nan,nan,nan
macazancorp.com,nan,nan,nan,nan
ngchm.net,nan,"['https://www.facebook.com/NextGenerationClusteredHeatMap', 'https://twitter.com/nextgenheatmaps', 'https://www.facebook.com/sharer/sharer.php?u=%2fpost%2fhow-to-embed-next-generation-clustered-heat-maps-v2%2f', 'https://twitter.com/intent/tweet?text=How%20to%20Embed%20Next-Generation%20Clustered%20Heat%20Maps&url=%2fpost%2fhow-to-embed-next-generation-clustered-heat-maps-v2%2f', 'https://www.linkedin.com/cws/share?url=%2fpost%2fhow-to-embed-next-generation-clustered-heat-maps-v2%2f', 'https://www.facebook.com/sharer/sharer.php?u=%2fpost%2fnew-features-in-ngchm-viewer%2f', 'https://twitter.com/intent/tweet?text=New%20Features%20in%20the%20NG-CHM%20Viewer%20and%20Builder&url=%2fpost%2fnew-features-in-ngchm-viewer%2f', 'https://www.linkedin.com/cws/share?url=%2fpost%2fnew-features-in-ngchm-viewer%2f', 'https://www.facebook.com/sharer/sharer.php?u=%2fpost%2fnew-features-in-rstudio-ngchm%2f', 'https://twitter.com/intent/tweet?text=New%20features%20in%20the%20NG-CHM%20RStudio%20Containers&url=%2fpost%2fnew-features-in-rstudio-ngchm%2f', 'https://www.linkedin.com/cws/share?url=%2fpost%2fnew-features-in-rstudio-ngchm%2f', 'https://www.facebook.com/sharer/sharer.php?u=%2fpost%2fnew-features-in-ngchm-galaxy%2f', 'https://twitter.com/intent/tweet?text=New%20features%20in%20the%20NG-CHM%20Galaxy%20Tool&url=%2fpost%2fnew-features-in-ngchm-galaxy%2f', 'https://www.linkedin.com/cws/share?url=%2fpost%2fnew-features-in-ngchm-galaxy%2f', 'https://www.facebook.com/sharer/sharer.php?u=%2fpost%2fhow-to-embed-next-generation-clustered-heat-maps%2f', 'https://twitter.com/intent/tweet?text=Deprecated%3a%20How%20to%20Embed%20Next-Generation%20Clustered%20Heat%20Maps&url=%2fpost%2fhow-to-embed-next-generation-clustered-heat-maps%2f', 'https://www.linkedin.com/cws/share?url=%2fpost%2fhow-to-embed-next-generation-clustered-heat-maps%2f', 'https://www.facebook.com/sharer/sharer.php?u=%2fpost%2fhow-to-examine-pathways-in-next-generation-clustered-heat-maps%2f', 'https://twitter.com/intent/tweet?text=How%20to%20Examine%20Pathways%20in%20Next%20Generation%20Clustered%20Heat%20Maps&url=%2fpost%2fhow-to-examine-pathways-in-next-generation-clustered-heat-maps%2f', 'https://www.linkedin.com/cws/share?url=%2fpost%2fhow-to-examine-pathways-in-next-generation-clustered-heat-maps%2f', 'https://www.facebook.com/sharer/sharer.php?u=%2fpost%2fhow-to-create-next-generation-clustered-heat-maps-with-interactive-builder%2f', 'https://twitter.com/intent/tweet?text=How%20to%20Create%20Next-Generation%20Clustered%20Heat%20Maps%20with%20the%20Interactive%20Builder&url=%2fpost%2fhow-to-create-next-generation-clustered-heat-maps-with-interactive-builder%2f', 'https://www.linkedin.com/cws/share?url=%2fpost%2fhow-to-create-next-generation-clustered-heat-maps-with-interactive-builder%2f', 'https://www.facebook.com/sharer/sharer.php?u=%2fpost%2flinkout-type-descriptions%2f', 'https://twitter.com/intent/tweet?text=Linkout%20Type%20Descriptions&url=%2fpost%2flinkout-type-descriptions%2f', 'https://www.linkedin.com/cws/share?url=%2fpost%2flinkout-type-descriptions%2f', 'https://www.facebook.com/sharer/sharer.php?u=%2fpost%2fhow-to-create-next-generation-clustered-heat-maps-with-isb-cgc-data%2f', 'https://twitter.com/intent/tweet?text=How%20to%20Create%20Next-Generation%20Clustered%20Heat%20Maps%20with%20data%20from%20the%20ISB%20Cancer%20Genomics%20Cloud&url=%2fpost%2fhow-to-create-next-generation-clustered-heat-maps-with-isb-cgc-data%2f', 'https://www.linkedin.com/cws/share?url=%2fpost%2fhow-to-create-next-generation-clustered-heat-maps-with-isb-cgc-data%2f', 'https://www.facebook.com/sharer/sharer.php?u=%2fpost%2fclustered-heat-maps-for-big-data%2f', 'https://twitter.com/intent/tweet?text=Clustered%20Heat%20Maps%20for%20Big%20Data&url=%2fpost%2fclustered-heat-maps-for-big-data%2f', 'https://www.linkedin.com/cws/share?url=%2fpost%2fclustered-heat-maps-for-big-data%2f']",['267-4271'],nan
projectgestalt.com,nan,nan,nan,nan
ridgelinehomeinspect.com,nan,nan,nan,nan
serenapezzato.com,nan,nan,nan,nan
theblueprintshop.com,nan,nan,nan,nan
yourtowcompany.com,nan,nan,nan,nan
designedbycarla.com,nan,nan,nan,nan
joyfuladoptions.com,nan,nan,nan,nan
king-alexander.com,nan,nan,nan,nan
signaturesportsurfaces.com,nan,nan,nan,nan
whymessa.com,nan,nan,"['(610) 518-5328', '(215) 844-1614', '(856) 810-9555', '(215) 568-3500', '(856) 833-0600', '(856) 810-9500', '(908) 300-3900', '(215) 940-7700']","['2091 Springdale Road, Suite 2']"
deperevfw.net,nan,nan,nan,nan
forrestpierce.com,['forrest@forrestpierce.com'],nan,['(971) 322-6669'],['3939 Aster Street']
northsidemeadows.com,nan,nan,nan,nan
snfdata.com,['support@SNFdata.com'],nan,['(877) 610-3282'],nan
taam.org,nan,nan,nan,nan
archaeology.virginia.edu,nan,nan,nan,nan
myapexhomeinspection.com,nan,nan,nan,nan
rivertownslp.com,nan,nan,nan,nan
scottsbluffcountyscanner.com,['Email : sbcoscanner@gmail.com'],"['https://facebook.com/panhandlescanner', 'https://facebook.com/custercountyscanner', 'https://facebook.com/dawescountyscanner', 'https://facebook.com/siouxcountyscanner', 'https://facebook.com/boxbuttecountyscanner', 'https://www.facebook.com/groups/140034503151221', 'https://instagram.com/panhandlescanner', 'https://twitter.com/sbcoscanner', 'http://instagram.com/panhandlescanner', 'http://twitter.com/sbcoscanner']","['(104) 700-7871', '(940) 224-6315', '(940) 224-6211', '(140) 034-5031']",nan
bloggingforextrader.com,nan,nan,nan,nan
green-graphixz-clothing-company.business.site,nan,nan,nan,nan
ogcut.com,nan,nan,nan,nan
50ggirls.com,nan,nan,nan,nan
alluredesign.org,nan,nan,nan,nan
moving2branson.com,nan,nan,nan,nan
roland4fairview.com,nan,nan,nan,nan
beezneedz.com,nan,nan,nan,nan
callunakennels.com,nan,nan,nan,nan
car.hk,nan,nan,nan,nan
audinashville.com,nan,"['https://www.facebook.com/pages/Audi-Nashville/162522013767116', 'https://twitter.com/audi_nashville', 'https://www.instagram.com/audi/', 'https://www.facebook.com/audidowntownnashville', 'https://twitter.com/AudiDTNashville', 'https://www.instagram.com/AudiDowntownNashville/']","['(855) 894-6954', '(162) 522-0137']",nan
blackdiamondregulatory.com,"['blackdiamondreg@gmail.com', '', '(267) 251-3123 | blackdiamondreg@gmail.com']",nan,['(267) 251-3123'],nan
drmeganseltz.com,['megan@drmreganseltz.com'],nan,"['(347) 753-4657', '(134) 775-3465']",nan
petexplain.com,nan,nan,nan,nan
rainbowphillyweddingofficiants.com,nan,nan,nan,nan
sinceremobilephlebotomy.net,"['christina@sinceremobilephlebotomy.net', 'sincerephlebotomy@gmail.com']","['https://www.facebook.com/sincerephlebotomy', 'http://instagram.com/']","['(682) 262-1935', '(817) 939-3117', '(682) 334-7282']",nan
aquamarinejewelrystudio.com,nan,nan,nan,nan
christinereidphotography.com,nan,nan,nan,nan
dolphinsdigital.org,nan,"['https://facebook.com/', 'http://linkedin.com/']",['626-0712'],nan
downunderpottery.com,['studio@downunderpottery.com'],"['https://facebook.com/Down-Under-Pottery-291748188809/', 'https://instagram.com/downunderpottery']","['(291) 748-1888', '(402) 477-7655']","['5731 Vine St, Lincoln, NE, 68505, United States']"
drrudlin.com,nan,nan,['(804) 353-1000'],['4600 Grove\xa0Avenue']
interstatetruck.com,nan,nan,['(404) 763-2000'],['2740 Sullivan Road']
oldfarmhouseprimitives.com,nan,nan,nan,nan
dskidsermons.com,nan,nan,nan,nan
autobodiparts.com,nan,nan,nan,nan
hiddenforestdesign.com,nan,nan,nan,nan
jahmakingsconstruction.com,nan,nan,nan,nan
journey2beme.com,nan,nan,nan,nan
marylandplatingservicinginc.com,nan,nan,nan,nan
salazarthomas.com,nan,nan,nan,nan
3lnotary.com,nan,nan,nan,nan
creativitythroughconstraints.com,nan,nan,nan,nan
govirtualoffice.com,nan,"['https://www.facebook.com/govirtualoffice/', 'https://twitter.com/goVirtualOffic1', 'https://www.linkedin.com/company/govirtualoffice']",nan,"['1021 Quinn Dr #200 Waunakee, WI 53597']"
origingolf.com,nan,nan,nan,nan
secag.org,['svp@secag.org'],"['http://www.facebook.com/keenwise', 'https://twitter.com/keenwise_inc']",['+1 469 708-7818'],nan
theburningship.com,nan,nan,nan,nan
gforcefoundation.com,nan,['https://www.facebook.com/GForceAR'],"['20232024', '390-8935']",nan
limitlesscounselingservices.com,nan,nan,['000-0043'],nan
lodgelivin.com,nan,nan,nan,nan
sben.org,"['events@sben.org', 'Email:\xa0 events@sben.org\xa0 |\xa0 membership@sben.org']","['https://twitter.com/SBENetwork', 'https://www.linkedin.com/company/southeast-benefits-education-network', 'https://twitter.com/sbenetwork']",['(770) 335-8902'],nan
trusted-home-inspection.business.site,nan,nan,nan,nan
dotsandcubes.com,['Email: aespinosa@dotsandcubes.com'],['https://twitter.com/dotsandcubes'],['(813) 857-5200'],nan
foreverepoxy.com,nan,nan,nan,nan
gkama.com,nan,nan,nan,nan
graspinc.org,nan,"['https://www.facebook.com/GRASPinc', 'https://www.instagram.com/grasppetrescue/']",nan,nan
realtorhsu.net,nan,"['https://www.instagram.com/chris_hsu', 'https://www.facebook.com/christinehsu1']","['(512) 968-9053', '(151) 296-8905']",nan
shah-impex.com,nan,nan,nan,nan
yogawithorly.com,nan,nan,nan,nan
happydaycreations.net,nan,nan,nan,nan
libanswers.shadygrove.umd.edu,nan,nan,nan,nan
putitontheglass.com,nan,nan,nan,nan
gougeon.com,nan,nan,nan,nan
sonicshopper.com,nan,nan,nan,nan
d30ufu6vr9yoyg.cloudfront.net,nan,nan,nan,nan
darstproperties.com,nan,nan,nan,nan
teriorr.weebly.com,nan,nan,nan,nan
worldsframedbywords.com,nan,nan,nan,nan
auroratechservices.com,nan,nan,"['(281) 453-7400', '(281) 453-7700', '(281) 729-5060', '(210) 729-5060']","['2121 Sage Road, Suite 150 Houston, TX 77056']"
godsministryfellowship.com,"['godsministry777@gmail.com', '\ncontact: godsministry777@gmail.com']",nan,nan,nan
homeworkninjas.com,nan,nan,nan,nan
vickcarneylaw.com,nan,nan,"['+5 081 759-65533', '(817) 596-5533']",nan
azrielassetmgmt.com,nan,nan,nan,nan
carrettausa.com,nan,nan,nan,nan
puppetheap.com,nan,"['https://www.facebook.com/puppetheap/', 'http://instagram.com/puppetheap', 'https://www.linkedin.com/company/puppetheap/']",nan,nan
marinbaroque.org,nan,nan,nan,nan
myacem.com,nan,nan,nan,nan
par1cleaners.business.site,nan,nan,nan,nan
acupuncture-oriental-massage.business.site,nan,nan,nan,nan
bluemercury.com,nan,nan,nan,nan
cryptonewsupdate.com,nan,nan,nan,nan
greenbikerentals.com,nan,nan,nan,nan
riolentoranch.com,nan,nan,nan,nan
teambuildergroup.com,nan,nan,nan,nan
vpropertysolutions.com,['management@vpropertysolutions.com'],"['http://www.facebook.com/vantagepropertysolutions', 'http://www.instagram.com/vantagepropertysolutions']","['(484) 202-0710', '(148) 420-2071']",nan
embodyacupuncture.com,['embodyacu@gmail.com'],nan,['(917) 749-2909'],['511 Sixth Ave.']
neilheffernan.net,nan,nan,"['250114877', '501-1487', '434-1202']",nan
paynespringsumc.org,nan,nan,nan,nan
castoreclothing.com,nan,nan,nan,nan
palaciopet.com,nan,nan,nan,nan
wilkins-grocery.edan.io,nan,nan,nan,nan
artandglamstudio.com,nan,nan,nan,nan
fayreconsulting.com,nan,nan,nan,nan
it10103.wordpress.com,nan,nan,nan,nan
overlakecollie.com,nan,nan,nan,nan
hollytreeservice.net,nan,nan,nan,nan
lalupitaberwyn.net,nan,nan,nan,nan
paradiseatlasttravel.com,nan,['https://www.facebook.com/Brandi-Cutrell-Cruise-Planners-1550468978606361/?fref=ts'],"['(155) 046-8978', '390682034468507058603399504', '(912) 308-8311']",nan
pcinapa.com,nan,nan,"['(505) 864-2246', '(505) 865-1006', '(575) 746-3597']","['3507 Main St. NE Los Lunas, NM. 87031']"
sanchez-lawn-care-and-landscaping-services.business.site,nan,nan,nan,nan
carissahannumtherapy.com,nan,nan,nan,nan
hometheatersystemgainesville.com,nan,nan,nan,nan
mctierart.com,nan,nan,nan,nan
myfriendsandme.net,nan,nan,nan,nan
pestcontrolmodestoca.org,nan,nan,nan,nan
horizon-international.com,nan,nan,nan,nan
imcl-conference.org,"['For any inquiries or additional information about IMCL2025, feel free to reach out to us at info@imcl-conference.org. Our team is here to assist you with any questions you may have. ', 'info@imcl-conference.org', 'info2025@imcl-conference.org']",nan,['199-7398'],nan
knickonwood.com,nan,nan,nan,nan
lukesmma.com,nan,nan,nan,nan
accubuiltnw.com,nan,nan,nan,nan
carriecrespo.com,nan,nan,nan,nan
celebaesthetics.com,nan,nan,nan,nan
dorsettchapel.org,['Email Address: DC@DORSETTCHAPEL.ORG'],"['https://www.facebook.com/dorsettchapel', 'https://www.instagram.com/dorsettchapel/']",['(704) 637-6759'],['1280 Hollywood Drive']
hudsonlux365.com,['dispatch@hudsonlux365.com'],"['https://www.facebook.com/hudsonlux365', 'https://instagram.com/hudsonlux365/']","['928-0661', '+1 305 928-0661']",nan
velabrand.com,nan,nan,nan,nan
awbrueggemann.com,nan,nan,nan,nan
rhcapco.com,nan,nan,nan,nan
bintiboutique.llc,nan,nan,nan,nan
elegantdjservices.com,nan,nan,nan,nan
fccherrick.org,['Email: herrickchristian@gmail.com'],['https://www.facebook.com/FCCHerrick'],"['(618) 428-5294', '783-5665', '(410) 858-1299']",nan
shiftflg.com,nan,nan,nan,nan
coastaldefense.business.site,nan,nan,nan,nan
itlogo.net,nan,nan,nan,nan
southernuc.com,"['infowi@southernuc.com', 'infomi@southernuc.com']","['https://www.facebook.com/SouthernUrgentCare', 'https://www.instagram.com/accounts/login/?next=/southernuc31410/', 'https://www.facebook.com/pages/category/Medical-Center/Southern-Urgent-Care-Murrells-Inlet-406197416153236/']","['(912) 898-2277', '(406) 197-4161', '(912) 898-2227', '(912) 898-2230', '(843) 357-4359', '(843) 357-4357']",nan
prlassociates.net,"['', 'office@prlassociates.net']",['https://www.facebook.com/PRLAssociates'],"['(607) 785-8382', '(607) 785-8381']",nan
sewardlostlakelodge.com,nan,nan,nan,nan
cahabacreative.com,nan,nan,nan,nan
eattacorepublic.com,nan,"['https://www.facebook.com/TheTacoRepublic/?ref=pages_you_manage', 'https://www.instagram.com/eattacorepublic/']",nan,nan
ehardts.com,nan,nan,nan,nan
secondnaturedesignsmv.com,nan,"['https://www.instagram.com/secondnaturedesignsmv/?hl=en', 'https://www.facebook.com/SecondNatureDesignsMV/', 'https://www.linkedin.com/in/renee-clermont-5896095a']","['(508) 627-6594', '589-6095']",nan
skgfitness.training,nan,['https://www.facebook.com/SKGFitnessTraining'],['20182020'],nan
crazy.builders,nan,nan,nan,nan
laurafoxreel.com,"['lbrokaw@gersh.com', 'dgersh@gersh.com', 'mperry@gersh.com']",nan,"['(310) 205-5812', '283-5590', '(310) 205-5811', '(310) 205-5896']",nan
littleredfarmhousegifts.net,nan,nan,nan,nan
msconfinance.com,nan,nan,nan,nan
reflexdelivery.com,nan,nan,nan,nan
rollupdoorrepairnyc.com,nan,nan,nan,nan
yoursbasource.com,nan,nan,nan,nan
acifund.com,['info@acifund.com'],nan,['(818) 235-1444'],"['516 Pennsfield Place, Suite 202']"
capricommercialcapital.com,nan,nan,nan,nan
cherrycreektributaries.com,nan,nan,nan,nan
amplifiedconcepts.com,nan,nan,nan,nan
marriagecounselingmemphis.com,nan,nan,nan,nan
silverbaytech.com,nan,['https://twitter.com/SilverBayTech'],"['(888) 315-9608', '20132014', '(800) 364-2889']",['100 Adams Street']
borderwarswrestling.com,nan,nan,nan,nan
brentwood365.com,nan,nan,nan,nan
bubsnola.com,nan,nan,nan,nan
deliverance-ministry-new-york.com,nan,nan,nan,nan
glovemitten.com,nan,nan,nan,nan
loudandclaire.com,nan,nan,nan,nan
myfocuspsych.com,nan,nan,nan,nan
xpressbenefits.net,nan,nan,nan,nan
crestonhousefl.com,"['', 'rentals@coastalrealtyfl.com']","['https://www.facebook.com/coastalrealtyandpropertymanagement', 'https://instagram.com/CoastalRealtyFL']",['(800) 587-2287'],nan
dreamlab.design,['INFO@DREAMLAB.DESIGN'],"['https://www.instagram.com/dreamlab.creative/', 'https://www.facebook.com/dreamlabcreativeideas', 'https://www.linkedin.com/company/80255973']","['+1 240 796-7601', '802-5597']",nan
karrgroupco.com,nan,nan,nan,nan
paigeleblanc.com,nan,"['https://www.linkedin.com/in/paige-fleming-4a87875b/', 'https://www.instagram.com/jk_paige']",nan,nan
quick9.io,nan,nan,nan,nan
tefftfoundation.com,nan,nan,nan,nan
winningham-iron-metal.business.site,nan,nan,nan,nan
budgetmobilehometransport.com,nan,nan,"['(405) 880-2041', '(140) 588-0204']",nan
fineartsbiz.com,nan,nan,nan,nan
sammycarlosdelicatessencatering.net,nan,nan,nan,nan
eventsbyabel.com,nan,nan,nan,nan
aproa.org,nan,nan,nan,nan
ftworthepoxyflooring.com,nan,nan,nan,nan
gsiprint.com,['mail@gsiprint.com'],nan,"['483901652', '(248) 960-0077', '(248) 960-0079']",nan
hellorichmond.net,nan,nan,nan,nan
highbrow-beauty.com,nan,nan,nan,nan
kikimo.com,nan,"['https://twitter.com/KikimoInc', 'https://instagram.com/kikimoinc/', 'https://www.facebook.com/kikimoinc/']",nan,nan
krambu.com,['info@krambu.com'],"['https://www.linkedin.com/company/Krambu', 'https://www.facebook.com/Krambu-168023693759269/']","['(833) 457-2628', '(168) 023-6937', '+1 833 457-2628']",nan
mhkeratin.com,nan,nan,nan,nan
muhlbauerlab.com,nan,nan,nan,nan
positivesideofgolf.com,nan,nan,nan,nan
carolynlewismed.com,nan,nan,nan,nan
dionisioducusin.com,nan,nan,nan,nan
forsythvet.com,nan,nan,nan,nan
hitsforhomeless.com,nan,nan,nan,nan
innsofcourt.org,nan,"['https://twitter.com/intent/tweet?button_hashtag=innsofcourt&ref_src=twsrc%5Etfw', 'https://www.facebook.com/AmericanInnsofCourt/', 'https://twitter.com/innsofcourt', 'https://www.linkedin.com/groups/1886832']","['188-6832', '610-4343', '093-7043', '709-2522', '191-8619', '323-1278', '750-3993', '235-4146', '770-6758', '378-9408', '(413) 961-1038', '405-9521', '499-4805', '(851) 642-0858', '532-9666', '722-4668', '297-8293', '589-5347', '059-4057', '831-8065', '164-5080', '807-8991', '(435) 442-8063', '039-4805', '592-7868', '225770223147036843590', '138-4754', '160-2688']","['225 Reinekers Lane, Suite 770, Alexandria, VA 22314\xa0\xa0 |\xa0\xa0\xa0Phone: (703) 684-3590']"
oldtraditiontattoo.com,nan,nan,nan,nan
phalanxgrpservices.org,nan,nan,nan,nan
wadeloans.com,nan,nan,"['+1 726 200-1005', '(427) 563-6667', '(726) 200-1005', '969-1999', '(556) 274-7170']",nan
dbdtravel.net,nan,nan,nan,nan
easystreetcookies.com,nan,nan,nan,nan
millarandsons.net,nan,nan,nan,nan
parklandhairclinic.info,nan,nan,nan,nan
slrslingshotrentals.com,nan,nan,nan,nan
atlanticsltd.com,nan,nan,nan,nan
gooddogsfarm.com,nan,nan,"['(917) 853-3717', '(413) 429-5593']",['334 West Stahl Road']
singinglessonstemecula.com,nan,['http://www.facebook.com/viviengainesvocalstudio'],['(323) 573-1408'],nan
ssmobile.store,nan,nan,nan,nan
atlantanephrologyassociates.com,nan,nan,"['(404) 255-1030', '(678) 843-6619']",nan
brushsolutions.net,nan,nan,nan,nan
change-points.com,nan,nan,nan,nan
fkideas.com,nan,nan,nan,nan
fortcollinsshowerdoor.com,nan,nan,nan,nan
pinilishalpern.com,nan,nan,nan,nan
truelifetx.org,nan,nan,nan,nan
17thstreetthaisushifl.com,nan,nan,nan,nan
colonsource.com,nan,nan,nan,nan
libertybaptist.org,['contact@libertybaptist.org'],"['https://www.facebook.com/LBCSanJose', 'https://www.instagram.com/libertybaptistsj/']","['(408) 274-5611', '130212123321116100250330022525915801712711323955653']",nan
sunnirey.shop,nan,nan,nan,nan
cloudspeed24x7.com,nan,nan,nan,nan
gambittechconsulting.com,nan,nan,nan,nan
heather-brooks-painted-furniture.ueniweb.com,nan,nan,nan,nan
ilikeflatroofs.com,nan,nan,nan,nan
juniorchefsofamerica.org,nan,nan,nan,nan
kccashbuyer.com,nan,nan,nan,nan
the-chimneymasters.com,nan,nan,nan,nan
willowglenhomeandgarden.com,nan,['http://www.facebook.com/willowglenhomeandgarden'],['(408) 286-1400'],nan
writingonboard.com,nan,nan,nan,nan
jettbt.com,nan,nan,nan,nan
medicalcoatings.org,nan,nan,nan,nan
rightstudents.org,nan,nan,nan,nan
sofloweb.com,nan,nan,nan,nan
topbricole.site,nan,nan,nan,nan
bhmedicalsupplies.com,nan,nan,nan,nan
carolynsnails.com,nan,nan,nan,nan
citycanyons.com,nan,nan,nan,nan
blazingstargrange.org,nan,nan,nan,nan
cityofmountlaketerrace.com,nan,nan,nan,nan
globalonefinancialsolutions.com,['gxks68@163.com'],nan,"['(117) 660-2698', '160107721', '180292558581807818368507713868812']",nan
handymanexpressservice.net,['handyman@handymanexpressservice.net'],"['https://www.facebook.com/sharer.php?u=https%3A%2F%2Fwww.handymanexpressservice.net%2Fcontact-us%2F', 'https://www.facebook.com/sharer.php?u=https%3A%2F%2Fwww.handymanexpressservice.net%2Fabout-us%2F']","['(561) 906-6933', '580-3234', '627-8613', '899-1972', '904-8254']",['2236 Ridgewood Cir']
kufflet.com,nan,nan,nan,nan
msjudithsewins.com,nan,nan,nan,nan
actioncomedyfilms.com,nan,nan,nan,nan
balancedwellnessami.com,nan,"['https://www.facebook.com/BalancedWellnessAmi', 'https://www.instagram.com/balancedwellnessami/']","['845532416752112561', '19992015201520171995']","['(845) 532-4167 •\xa0521 Main St, New Paltz, NY 12561']"
drcharlieharper.com,['charlie@drcharlieharper.com'],['https://www.facebook.com/drcharlieharper/'],"['(310) 883-4472', '(164) 839-0621']",nan
myparee.com,nan,nan,nan,nan
toothfairycleaningservice.com,nan,nan,nan,nan
amfaviation.com,nan,nan,nan,nan
cenladerm.com,nan,nan,nan,nan
central-texas-mobile-notary-notary-public.business.site,nan,nan,nan,nan
cryptobroaden.com,nan,nan,nan,nan
european-deli.com,nan,nan,nan,nan
redrhinomovers.com,nan,nan,nan,nan
the-greenwich.com,nan,nan,nan,nan
thefeldenkraiscenter.com,"['', 'LoriMalkoff@gmail.com']",['https://www.linkedin.com/in/lori-malkoff-md-mph-6512261a7/'],"['(171) 492-9889', '(714) 929-8893', '651-2261']",nan
asuzus.com,nan,nan,nan,nan
coltonfamilydental.com,nan,nan,nan,nan
esihealthcaresolutions.com,nan,nan,['85003027752473832'],nan
jonfoxmusic.com,nan,nan,nan,nan
campaigntostopgunviolence.org,nan,nan,nan,nan
clarionstl.com,nan,nan,nan,nan
earthrenovation.net,nan,nan,nan,nan
globaltrustbnk.com,nan,nan,nan,nan
morenohillssda.org,nan,"['https://www.facebook.com/morenohillssdachurch', '//instagram.com/morenohillssda']",['(951) 485-4646'],['25873 Alessandro Blvd.']
romanolawpllc.com,nan,nan,nan,nan
beaconhillrealtygroup.com,nan,nan,nan,nan
bodegaunclick.com,nan,nan,nan,nan
designsbydjflorist.com,nan,nan,nan,nan
hunterdecuir24.com,nan,nan,nan,nan
mytomisushi.com,nan,nan,nan,nan
therealbcmg.com,nan,nan,nan,nan
tvwelove.com,nan,nan,nan,nan
earthagent.org,nan,nan,nan,nan
epocheducation.com,nan,nan,nan,nan
familyintimacy.com,"['', 'contact@familyintimacy.com']",nan,['(980) 729-5240'],nan
mompopshop.com,nan,"['https://www.instagram.com/momandpopshoptruck/', 'https://www.facebook.com/momandpopshoptruck', 'https://www.instagram.com/p/CFAv0EGpVR2/', 'https://www.instagram.com/p/CE9xlu7JLDV/', 'https://www.instagram.com/p/CE4ZQ11JPED/', 'https://www.instagram.com/p/CEzTCZ6JvcW/', 'https://www.instagram.com/p/CExDvuFp1Sk/', 'https://www.instagram.com/p/CEumEgKJAdh/', 'https://www.instagram.com/p/CEsLS9xJ7pZ/', 'https://www.instagram.com/p/CEo7JJfJF7_/', 'https://www.instagram.com/p/CEm_Q-rgJJL/', 'https://www.instagram.com/p/CEjt2jJJ7WE/']",nan,nan
alibaba-kebab.com,nan,nan,nan,nan
villavieira.com,nan,nan,nan,nan
blueridgechair.com,nan,nan,nan,nan
dewingscenter.org,"['', 'contact@dewingscenter.org']","['https://www.facebook.com/sharer/sharer.php?u=https://dewingscenter.org/event/great-lakes-shipwrecks-treasure-hunting-with-ross-richardson/', 'https://twitter.com/share?url=https://dewingscenter.org/event/great-lakes-shipwrecks-treasure-hunting-with-ross-richardson/', 'https://www.linkedin.com/sharing/share-offsite/?url=https://dewingscenter.org/event/great-lakes-shipwrecks-treasure-hunting-with-ross-richardson/', 'https://www.facebook.com/sharer/sharer.php?u=https://dewingscenter.org/event/evening-of-song/', 'https://twitter.com/share?url=https://dewingscenter.org/event/evening-of-song/', 'https://www.linkedin.com/sharing/share-offsite/?url=https://dewingscenter.org/event/evening-of-song/', 'https://www.facebook.com/sharer/sharer.php?u=https://dewingscenter.org/event/fishing-tips-clinic/', 'https://twitter.com/share?url=https://dewingscenter.org/event/fishing-tips-clinic/', 'https://www.linkedin.com/sharing/share-offsite/?url=https://dewingscenter.org/event/fishing-tips-clinic/', 'https://www.facebook.com/DewingsCenter/']","['(231) 768-3519', '094-8191']","['202 Albert St • LeRoy, Michigan • 49655']"
htiyos.com,nan,nan,nan,nan
keepsakeweddingphotography.com,nan,nan,nan,nan
maryfrancespencer.com,nan,nan,nan,nan
mjwm225.com,nan,nan,nan,nan
quality-trucking.com,nan,nan,nan,nan
truefablespottery.com,nan,nan,nan,nan
unitedcloudtechnologies.com,nan,nan,['(845) 236-9109'],nan
bettygb.com,nan,nan,nan,nan
jbdecker.com,nan,nan,nan,nan
royaltylandscapinganddesign.com,nan,nan,nan,nan
torres-hvac.business.site,nan,nan,nan,nan
gametableadventures.com,nan,nan,nan,nan
gov.aiogoconsultingllc.com,nan,nan,nan,nan
outervisionsdesign.com,"['outervisions@comcast.net ', 'outervisions@comcast.net']","['https://www.facebook.com/outervisionslandscapedesign', 'https://twitter.com/OuterVisions', 'https://www.linkedin.com/pub/lynda-meikle/11/269/277']",['(925) 462-1484'],nan
strivelacrosseacademy.com,nan,nan,nan,nan
analogique.com,nan,nan,nan,nan
carpetworkshopofohio.com,nan,nan,nan,nan
maiaschmidt.com,['maiaschmidtviolin@gmail.com'],['https://www.instagram.com/maiaschmidtviolin/'],nan,nan
theconservancyproject.org,nan,nan,nan,nan
bellocasa.com,nan,nan,nan,nan
castor-group.com,nan,nan,nan,nan
down-southmoving.business.site,nan,nan,nan,nan
reeleminbaitandtackle.com,['reeleminbt@gmail.com'],['https://www.facebook.com/Reel-Em-In-Bait-Tackle-657340811058678/'],"['(772) 581-1027', '(657) 340-8110']","['821 US Hwy 1, Sebastion, FL']"
thedoorse.com,nan,nan,nan,nan
abcbni.com,nan,nan,nan,nan
annatietzhomes.com,nan,nan,nan,nan
chevrv.com,nan,nan,nan,nan
cousineauforestproducts.com,nan,nan,nan,nan
goldenscrollsoloists.com,nan,"['https://www.facebook.com/GSSstrings/', 'https://www.instagram.com/goldenscrollsoloists/?hl=en']","['(860) 949-5609', '824-8569']",nan
greenershinglessanantonio.com,nan,nan,nan,nan
hillartistry.com,nan,"['http://www.facebook.com/hillartistry', 'https://twitter.com/Linda_Hill', '//facebook.com/hillartistry', 'http://www.linkedin.com/pub/linda-hill/1b/734/849/http://www.linkedin.com/pub/linda-hill/1b/734/849/']","['(360) 926-8426', '20092015']",nan
kcsweep.com,nan,nan,nan,nan
magarc.org,nan,"['https://www.facebook.com/groups/497073537139477/', 'https://www.facebook.com/groups/497073537139477/files/files?__cft__%5b0%5d=AZWV6soAHUG-bCSjBVe3Hwd8gu11wEAPCJYp8sWP1gj9-wHx3Bw5QfyzI6ypjvRPQeBp5dRIRPSkt6Lt1Lj58SLM7ls8d1-IROK63Z6Xjfjd-p4lsYFL2PeTh0zfFnuw7rIeUNirRFyF33QcYW7NnqmoyKxrBgH3pDDmPeGF0hcSAHsQy3a5s15IG2PqCpkl246Dn6Sf1nwXdg1JpQSdA5cU&__tn__=-UK-R']","['174-7391', '520-1450', '732-7060', '597-5206', '(497) 073-5371', '123-1026', '702-6045', '+4 970 735-37139477']",nan
mazalai.com,nan,nan,nan,nan
michaelskuceradentistry.com,nan,nan,nan,nan
pastashopfresh.com,nan,"['https://www.instagram.com/markethallfoods', 'https://www.facebook.com/markethallfoods']",['(510) 547-1423'],nan
rvcoc.org,nan,nan,nan,nan
statelinekids.com,nan,nan,nan,nan
caninereproductivecenter.com,nan,nan,nan,nan
kokuanutrition.com,"['', 'shelbyerinrdn@gmail.com', 'ShelbyErinRDN@gmail.com']","['https://www.instagram.com/shelbyerin_rdn/', 'https://www.facebook.com/Shelby-Slenkamp-MS-RDN-CD-104966600868165/?ref=aymt_homepage_panel&eid=ARCMWWxltXCQuWS_9YoeGhtrDkGZLg0BO_ziJ0ZQBxJLmeYTlW0y7CtpKAQz9ZM0Rg7NBf8eFiy3wlH5']","['42542268958335630471', '(179) 033-1056', '(425) 422-6895', '842943116', '(104) 966-6008', '(833) 563-0471', '287-6741', '1790331056842943116', '(142) 542-2689']",nan
defioptions.org,nan,nan,nan,nan
mrsbecerra.com,nan,nan,nan,nan
royalinvestmentgroupinc.com,nan,nan,nan,nan
tangles-salon.com,nan,nan,nan,nan
teitelbaumco.com,nan,nan,nan,nan
vividsalonmadison.com,nan,nan,nan,nan
crazypokemiami.com,nan,nan,nan,nan
executivecarservicelax.com,['contact@executivecarservicelax.com'],nan,"['(180) 087-8199', '(800) 878-1995']",nan
ubercigar.com.au,nan,"['https://www.facebook.com/groups/680435820719649/', 'https://www.instagram.com/ubercigar/']","['(162) 580-7647', '(680) 435-8207']",nan
vitalaehealingarts.com,nan,nan,nan,nan
ambazoniafoundation.org,nan,nan,nan,nan
cepstone-llc.com,nan,nan,nan,nan
djs-general-service-llc.business.site,nan,nan,nan,nan
graphicmontzter.com,nan,nan,nan,nan
logicworks.cc,nan,nan,nan,nan
nsea.org,nan,"['https://www.facebook.com/nsea.org', 'https://twitter.com/nsea_org', 'http://www.instagram.com/nsea_org']","['(402) 475-7611', '(402) 475-2630', '(800) 742-0047', '(180) 074-2004', '+1 800 742-0047']",nan
rjssigns.com,nan,nan,nan,nan
wheelrepairphoenix.com,nan,nan,nan,nan
lorettola.org,nan,nan,nan,nan
pdassociation.org,nan,nan,nan,nan
spots.edu,nan,"['https://www.facebook.com/saintphotiosseminary/', 'https://www.instagram.com/saintphotiosseminary/?hl=en/']","['667-3397', '202-4092', '202-5030', '202-4072']",nan
centurywebdesign.net,nan,nan,nan,nan
holehunterindustries.com,nan,"['http://linkedin.com/company/holehunterindustriesllc', 'https://www.facebook.com/HoleHunt1', 'https://twitter.com/holehunterhhi', 'https://facebook.com/HoleHunt1', 'http://instagram.com/']","['152-0750', '(555) 555-5555', '193-0505']",nan
transtekautosales.com,nan,nan,nan,nan
avdtechnologies.com,nan,nan,nan,nan
cifsds.org,"['jtrupp1051@gmail.com', 'assignsdcfoa@gmail.com', 'assignivfootball@gmail.com', ' vicknair.summer@gmail.com ', 'ivvolleyball1@gmail.com', 'morehouseb@cox.net', 'ssomers907@aol.com', 'hlewis93@yahoo.com', 'ramsey_fred@att.net', 'mattbry@hotmail.com', 'natemax@hotmail.com', 'cefoushoo@hotmail.com', 'sd.isoa@gmail.com', 'markkd@cox.net', 'dweldon612@gmail.com', 'sdcbuaassignor@gmail.com', 'Tfillmore12@gmail.com', 'alisonS312@gmail.com', 'bobduggan68@gmail.com', 'Jtrupp1051@gmail.com', 'treasurer@moaumpires.org', 'umpdawg22@gmail.com', 'rge14@cox.net ', 'assignments@sdctsa.org', '']","['https://twitter.com/cifsds/', 'https://www.facebook.com/CIFSDS', 'https://www.instagram.com/cifsds/']","['(619) 994-0645', '233-6845', '(760) 315-2278', '(619) 888-0144', '(619) 417-0108', '61942246666193685023', '120-9600', '61920803866192925717', '(858) 292-8165', '76035381807604275325', '354-2941', '(619) 271-0212', '61995783506195940865', '(760) 801-7711', '61924442566196703819', '(111) 349-4302', '(760) 427-3661', '(360) 815-1399', '760721354476043359017604436207', '85827291796199977684', '(858) 414-0928', '023-2024', '(858) 663-4474', '760960418576033641857609604185', '(619) 865-1408', '024-2025', '(760) 521-9210', '85874878518586032464', '(619) 244-4256', '(619) 990-9807']",nan
meroscience.org,nan,nan,nan,nan
runlikeclockwork.com,nan,"['https://www.instagram.com/rlclockwork/', 'https://www.linkedin.com/in/adriennedorison/']",nan,nan
themasker.com,nan,nan,nan,nan
ercc.biz,nan,nan,nan,nan
floridaloansigning.com,nan,nan,nan,nan
kathrynanndesigns.com,nan,nan,nan,nan
lynnavo.com,nan,"['http://instagram.com/lynnavo', 'http://facebook.com/lynnavo']",['(511) 189-4007'],nan
mejina.net,nan,nan,nan,nan
rollmanconyers.com,nan,nan,nan,nan
csquarednetworks.com,nan,nan,nan,nan
gallerycollage.com,nan,nan,nan,nan
harvardpsc.com,nan,nan,nan,nan
osalra.com,nan,nan,nan,nan
qualifiedportablegarages.com,nan,nan,nan,nan
enigomusic.com,nan,"['https://www.instagram.com/enigomusic/', 'https://www.facebook.com/enigomusic/']","['(150) 935-5980', '627-1511']",nan
harlongroup.com,nan,nan,nan,nan
marketing-page-lindsey.vercel.app,nan,nan,nan,nan
reelsafarischarters.com,nan,nan,nan,nan
rpuma.org,nan,nan,nan,nan
theceosalon.com,nan,nan,nan,nan
whitwell-accounting-llc.business.site,nan,nan,nan,nan
bellevueisd.org,[' Bellevue ISD is taking applications/resumes for Ag Science teacher.\xa0 Please complete the online application and send resume to Lori. shoemaker@bellevueisd.org. \r\n\r\n \xa0 \r\n\r\n    Ag Science    \r\n'],"['https://www.facebook.com/bellevueisd/', '//www.facebook.com/bellevueisd']","['(668) 777-9688', '(174) 305-1600', '(174) 287-8800', '20232024', '(174) 313-8000', '(940) 928-2104', '642-1074', '20192020', '20212022', '20222023', '041-9740', '665-7887', '20182019', '20172018', '(174) 296-5200', '20202021', '679-9931', '670-5635', '023-2024', '670-5630', '20242025', '024-2025', '(665) 788-4867', '(202) 023-2024']",['500 7th St. P.O Box 38']
denhamsflorist.com,"['', 'info@denhamsflorist.com']","['https://www.facebook.com/pages/Denhams-Florist/280490905379085', 'https://instagram.com/denhamsflorist/']","['(280) 490-9053', '(706) 685-0182']",nan
groundswellglobalresearch.org,"['', 'clay.westrope@groundswellglobalresearch.org']","['http://linkedin.com/in/claywestrope', 'http://twitter.com/cwestrope', 'http://www.twitter.com/david_blazar']",['+1 949 412-2247'],nan
h-glogistics.com,nan,nan,nan,nan
mtcdz.net,nan,nan,nan,nan
mtzionbaptistrentz.com,nan,nan,nan,nan
myzerly.com,nan,nan,nan,nan
yroox.com,nan,nan,nan,nan
evadoyle.com,nan,nan,nan,nan
liveatmontclairapt.com,nan,['https://www.facebook.com/TheMichaelsOrg'],"['636-1517', '(844) 599-1596', '636-1516', '636-1519', '159-9295', '159-9299', '159-9298', '636-1518']",nan
montereypeninsulaelderlyhome.com,nan,nan,nan,nan
ogawadesign.com,nan,"['https://www.facebook.com/pages/Ogawa-Design-Agency/169976023547', 'https://twitter.com/OgawaDesign']","['(162) 584-2424', '20062025', '(169) 976-0235', '(786) 220-1295', '(786) 221-1295', '20062021', '(107) 035-1179']",['4250 Biscayne Blvd Suite 1601']
allyourblogging.com,"['info@example.com', 'support@example.com']",nan,"['(123) 456-7890', '0649641697253711268097']",nan
drariatirakic.com,nan,nan,nan,nan
harperfinancialassociates.com,nan,nan,"['30021218661759058', '(781) 435-2000']",nan
lonepeakdoodles.com,nan,nan,nan,nan
schoi.mit.edu,nan,nan,nan,nan
coralgablesrealestatefl.com,nan,nan,nan,nan
studentvetinsurance.com,nan,nan,nan,nan
totalseal.com,nan,"['https://www.facebook.com/totalseal.pistonrings/', 'https://www.instagram.com/total.seal/']",['224-9869'],['M2 Tool Steel Rings']
vghgroup.org,nan,nan,nan,nan
aiesteam.org,"['', 'info@aiesteam.org', 'Academy for Innovation in Education\xa0\xa0\xa0Westfield, NJ 07090\xa0\xa0\xa0info@aiesteam.org']","['https://www.facebook.com/aiesteam/', 'https://twitter.com/aiesteam', 'https://www.instagram.com/aiesteam/', 'https://www.linkedin.com/company/aiesteam/', 'https://www.instagram.com/p/B-r_CJ9Dfw0/', 'https://www.instagram.com/p/B-Z9QnAjbg2/', 'https://www.instagram.com/p/B-XZlmsDChi/', 'https://www.instagram.com/p/B-NRvYQD2xI/']","['493-5258', '+5 013 824-935258']",nan
beckynadesan.com,nan,nan,nan,nan
coricarl.com,nan,nan,nan,nan
fivestaracsd.com,"['', 'jbfivestarhvac@gmail.com']",['https://facebook.com/Five-Star-Heating-and-Air-Conditioning-992293414148340/'],"['(619) 315-1978', '(992) 293-4141']",nan
returndeals.net,['sales@returndeals.net'],nan,['(612) 207-3540'],nan
banconex.com,nan,nan,nan,nan
energy-health-oriental-massage.business.site,nan,nan,nan,nan
jerkkingsnj.com,nan,nan,nan,nan
kingfisherseo.com,nan,nan,nan,nan
hoodriverclothing.com,nan,nan,nan,nan
satyasilence.com,nan,nan,nan,nan
slushpoolglobal.com,nan,nan,nan,nan
trbism.com,nan,nan,nan,nan
informatichiamoci.it,nan,nan,nan,nan
mghomeremodelling.info,nan,nan,nan,nan
mysavagenails.love,nan,nan,nan,nan
smallislandent.com,nan,nan,nan,nan
winecheeseandfivemoreminutes.com,nan,nan,nan,nan
frenchlakeautoparts.com,"['sales@frenchlakeautoparts.com', '']","['https://facebook.com/FrenchLakeAutoParts', 'https://twitter.com/Flapmn', 'https://instagram.com/accounts/login/?next=%2Ffrenchlakeautoparts%2F']","['(320) 274-8497', '203-8564']","['3531 County Rd 3 NW Annandale, MN 55302']"
imageworksdirect.com,['info@imageworksdirect.com'],"['https://www.facebook.com/imageworksdirect', 'https://www.instagram.com/imageworksdirect/', 'https://www.linkedin.com/company/image-works-direct']","['(800) 777-1663', '(608) 662-4112']","['701 Deming Way, Suite 201, Madison, WI 53717']"
matthaynes.uk,nan,nan,nan,nan
montcapitalpartners.com,nan,nan,nan,nan
valleymedicalinstitute.com,nan,nan,"['(800) 886-8773', '(203) 378-2210']","['4637 Main Street Bridgeport, CT 06606']"
downeygroupllc.com,nan,nan,nan,nan
ravenshire-llc.com,nan,nan,nan,nan
academyofamazement.com,['I am happy to help you with any questions or concerns.\xa0 Please fill out the form below or you can e-mail me directly at ErinRay@AcademyofAmazement.com'],nan,nan,nan
amlimdrmarina.com,nan,nan,['(310) 775-6760'],nan
focusmedicalbillingservices.com,nan,nan,nan,nan
hueboost.com,nan,nan,nan,nan
sgdesignshouston.com,nan,nan,nan,nan
108production.com,"['nayan@108production.com', 'sheetal@108production.com', 'bhushan@20evo.com']","['https://www.facebook.com/108Production/', 'https://twitter.com/108production', 'https://www.linkedin.com/company/108-production', 'https://www.linkedin.com/in/nayanpadrai/', 'https://www.facebook.com/nayan1875', 'https://twitter.com/nayan1875', 'https://www.linkedin.com/in/sheetal24/', 'https://www.facebook.com/sheetal24']",['(310) 205-5823'],nan
creativehealthplans.com,nan,nan,nan,nan
fitcivic.com,nan,nan,nan,nan
penchiroclinic.com,nan,nan,nan,nan
rmiflooring.com,nan,nan,nan,nan
smv-inc.com,nan,nan,nan,nan
stevensfamilyfarm.webs.com,nan,nan,nan,nan
arbca.com,"['admin@cba1689.com', '', 'admin@cba1689.com | (817) 808-0684 | 752 N. Main St #2215 Mansfield, TX 76063-3203']","['https://www.facebook.com/cba1689', 'https://www.instagram.com/cba1689', 'https://twitter.com/cba1689']","['(817) 808-0684', '168981780806847522215760633203', '760633203']",nan
divinemomentsdaycare.com,nan,nan,nan,nan
ncca-inc.com,nan,nan,nan,nan
thebentleyparkcommunityassociation.org,nan,nan,nan,nan
whaleygfx.com,nan,nan,nan,nan
ccspatherapies.com,nan,nan,nan,nan
fine-art-construction.business.site,nan,nan,nan,nan
lesliehaywood-moore.online,nan,nan,nan,nan
mrdurant.weebly.com,nan,nan,nan,nan
neptune-society.com,nan,nan,nan,nan
beehivebargains.com,nan,"['https://www.facebook.com/BeehiveBargains', 'https://www.instagram.com/beehive_bargains']",['(860) 788-7886'],nan
cheftea.com,nan,nan,nan,nan
gabeyandell.com,nan,nan,nan,nan
hericonstructionllc.com,['info@hericonstructionllc.com'],nan,['(631) 603-1898'],nan
oddwomannailsandmore.com,nan,nan,nan,nan
northwest-georgia-regional-commission.business.site,nan,nan,nan,nan
thej3group.com,nan,nan,nan,nan
hotlink2019.com,nan,nan,nan,nan
brian-hollenbeck.com,nan,nan,nan,nan
internationalmediasupply.com,nan,nan,nan,nan
jackjewelryinc.com,nan,nan,nan,nan
pacificelectric.biz,nan,nan,nan,nan
skylinevisioncare.com,nan,"['https://www.facebook.com/skylinevision/', 'https://twitter.com/SkylineVision_', 'https://www.instagram.com/skylinevisioncare/']","['(402) 933-5018', '(174) 317-6322', '(174) 317-6326', '2001200520095008', '(402) 446-4600', '(174) 317-6318']",nan
timhalberg.com,nan,nan,nan,nan
maido-shimizuya.com,nan,nan,nan,nan
ancientcityappraisals.com,nan,nan,nan,nan
bzzster.com,nan,['https://www.facebook.com/shareaholic'],nan,nan
caring-hands-seniorsolutionsgroupinc.business.site,nan,nan,nan,nan
cdl-express.com,nan,nan,nan,nan
hearthstoneproperty.com,nan,nan,nan,nan
kourco.com,nan,nan,nan,nan
ortsac.com,nan,nan,nan,nan
pioneerpropertydevelopment.com,"['admin@pioneerpropertydev.com', '']",['https://www.facebook.com/pioneerpropertydevelopment'],['(470) 925-9733'],nan
toptok.info,nan,nan,nan,nan
batesdds.com,"['', 'info@batesdds.com']",['https://www.facebook.com/RyanLBatesDDS'],"['(509) 276-6996', '954-0704', '953-6928']",nan
peakdds.com,nan,nan,nan,nan
stickerdreams.com,nan,nan,nan,nan
webranium.co.uk,nan,nan,nan,nan
wwnboa.org,nan,nan,nan,nan
americanguardrailsupply.com,nan,nan,nan,nan
dablawoffice.com,nan,nan,nan,nan
fedorovfilms.com,nan,nan,nan,nan
charleygasparlandscapingllc.com,nan,nan,nan,nan
masterguyscardetail.com,nan,nan,nan,nan
post32nc.org,"['Commander@post32nc.org', 'Adjutant@post32nc.org']",['https://www.facebook.com/groups/Post32NC/'],"['(910) 568-3035', '+9 191 052-79821', '419002100']","['2300 Ramsey St Bldg 70, Fayetteville, NC 28301']"
coloradolivingblog.com,nan,nan,nan,nan
concordncwildliferemoval.com,nan,nan,nan,nan
ihostnewyork.com,['info@ihostnewyork.com'],"['https://twitter.com/iHostNewYork', 'https://www.facebook.com/pages/iHostNewYork/692220950894801', 'http://instagram.com/ihostnewyork/']","['(692) 220-9508', '(212) 888-9494']",nan
jmbusinesspartners.com,nan,nan,nan,nan
sapphiresleepovers.squarespace.com,nan,nan,nan,nan
yokohamayakitorikoubou.com,nan,"['https://www.facebook.com/YokohamaYakitoriKoubou', 'https://www.instagram.com/yokohama_yakitori_koubou/']","['(858) 277-8822', '3904108921118582778822']","['3904 Convoy St., #108, San Diego, CA 92111 \xa0\xa0TEL: (858)277-8822']"
briggsmobiledetailing.com,nan,nan,nan,nan
kairios.com,nan,nan,nan,nan
lemongrassmichigan.com,nan,nan,nan,nan
pawsinmotionla.com,nan,nan,nan,nan
uniqueservices.us,['Sales@uniqueservices.us'],"['https://www.facebook.com/', 'https://www.instagram.com/']",['+1 248 727-8967'],nan
curtistaylorart.com,nan,nan,nan,nan
directtransportsys.com,nan,nan,nan,nan
finishingtouch.contractors,nan,nan,nan,nan
independenthotelmarketinggroup.com,nan,"['https://www.facebook.com/IndependentHotelMarketing/', 'https://twitter.com/IHMarketingTeam', 'https://www.linkedin.com/company/4984906/']","['498-4906', '(518) 961-0275']",nan
sandiegorealestatejobs.net,nan,nan,nan,nan
belanshion.com,nan,nan,nan,nan
healthtrustpg.com,nan,nan,nan,nan
hillcreststoragetn.com,[' johnboy63@twlakes.net'],nan,"['(931) 864-7867', '(931) 397-1809']",nan
lloydfeinberg.com,nan,nan,nan,nan
tiffin24.com,nan,nan,nan,nan
advancedbiblicalstudies.net,nan,nan,nan,nan
aesgoldmine.com,nan,nan,nan,nan
alldolledupspabus.com,nan,nan,nan,nan
amairportparking.com,nan,nan,['(408) 352-5953'],nan
cstyled.com,nan,nan,nan,nan
intlselfstorage.com,nan,nan,"['8035487910485242885', '(910) 665-8737']",nan
marinavillageharbor.com,nan,nan,nan,nan
nynjelevator.com,nan,nan,nan,nan
gamepcfull.com,nan,nan,nan,nan
impaxinc.com,['customercare@impaxinc.com'],nan,['71784680047178456446'],"['Impax Digital Solutions, 495 Maryland Ave, York, PA 17404']"
nachonomics.com,nan,"['https://www.facebook.com/Nachonomics', 'https://twitter.com/Nachonomics', 'http://www.facebook.com/nachonomics', 'http://www.twitter.com/Nachonomics/', 'https://twitter.com/Nachonomics/status/1527650555446845440', 'https://twitter.com/Nachonomics/status/1522184454604738560', 'https://twitter.com/Nachonomics/status/1474732447770284033', 'https://twitter.com/Nachonomics/status/1456984838792114182', 'https://www.facebook.com/NachoNewsNetwork/', 'https://twitter.com/nachonomics']","['(152) 218-4454', '(147) 473-2447', '(219) 007-3346', '663-7976', '(152) 765-0555', '(165) 694-3208', '518-8815', '(145) 698-4838', '167-8109', '20122024']",nan
romangalloway.com,nan,nan,nan,nan
safetychain.com,nan,nan,nan,nan
flatpondpublishing.com,nan,nan,nan,nan
fsb-int.com,nan,nan,['820104371856916143542919'],nan
hallmemphis.org,nan,nan,nan,nan
howellci.com,nan,nan,nan,nan
kalamazoomijobs.com,nan,nan,nan,nan
lammrubenstone.com,nan,nan,nan,nan
mygentxt.org,nan,nan,nan,nan
mingchienliang.com,nan,nan,nan,nan
mlfcare.org,nan,nan,nan,nan
mq3labs.com,nan,"['http://instagram.com/citrix/', 'http://www.facebook.com/citrix']",nan,nan
nymphyacht.com,nan,nan,nan,nan
oneononesc.com,"['', 'strive4resultz@gmail.com']","['https://www.facebook.com/oneononefitnessllc', 'https://www.instagram.com/mrresultz/?hl=en']","['(864) 576-3733', '(186) 457-6373']",nan
pattikavanagh.massagetherapy.com,nan,nan,nan,nan
pearlandcounseling.com,nan,nan,nan,nan
simplythaidining.com,nan,nan,nan,nan
alphaquorumstore.com,nan,nan,nan,nan
baxland.com,nan,nan,nan,nan
befeni-usa.com,nan,nan,nan,nan
chugiak.org,nan,nan,nan,nan
hangtownkc.org,['hangtownkc@hangtownkc.org'],nan,"['(530) 622-6909', '601-7446', '601-7451', '601-7452', '601-7448', '601-7471', '601-7454']",nan
myrtlebeach.city,nan,nan,nan,nan
wordofgodokc.com,nan,nan,nan,nan
bigdiamondpools.com,nan,nan,nan,"['1716 Briarcrest Dr., Ste 300, Bryan Texas 77802']"
brynbachman.com,['amy@bigdiamondpools.com'],['https://www.facebook.com/profile.php?id=100054351198418'],"['(100) 054-3511', '(171) 324-2902', '(171) 324-2903', '(713) 242-9033']",nan
bytheseat.com,nan,['https://www.linkedin.com/in/bryn-bachman-4a5364278/'],['536-4278'],nan
gentleconfections.com,nan,nan,nan,nan
hairdesigners-hairsalon.business.site,nan,nan,nan,nan
poocheshouseboutique.com,nan,nan,nan,nan
thermproutah.com,nan,nan,nan,nan
yttangsoodo.com,nan,nan,['(801) 268-6958'],nan
barbaranichols.org,nan,nan,nan,nan
big-dog-boarding.business.site,nan,nan,nan,nan
kiddnap.com,nan,nan,nan,nan
kiplearningandactivitycenter.com,nan,nan,nan,nan
thecheapghostwriter.com,nan,nan,nan,nan
blacknewengland.org,nan,nan,nan,nan
drfconaway.com,nan,nan,nan,nan
flash-wingo.com,nan,nan,nan,nan
getrazuzz.com,nan,nan,nan,nan
oneforallartists.com,nan,nan,nan,nan
sanctuaryfarmphila.org,"['', 'Email our Director: Director@oneforallartists.com']","['https://www.instagram.com/p/CDsXW3dDkoH/?utm_source=ig_web_copy_link', 'https://l.facebook.com/l.php?__tn__=-UK-R&c%5B0%5D=AT3bTqn5E5lHEdZozd1PEOjamu4LOetS3s9sTMt1nMQpTFsr1ZGnq7ucJ6jqvMraXGUe7T7xER1RLVCl84RyY4DwsRtBs5-NqXaFoJ5JNqMG8as-g4HtBY2ciYCG7TlcAoRavw6-mgTtN1NjM__xueOGSvT_6sjqJJPzJ7VFJvVbqdA&h=AT3b37TAbhxGtqA__-EQO_7VJSzrfrxRW2kQQ9c4zTwBzmH2dyUUO7QGk8ZhsJ6CHX5FpM62R28_9d7KBIMRUkStOrMZazwoS0tVj4btCKeM24XGXTNIBV7qU_s004aKD4SXKzk&u=https%3A%2F%2Fbit.ly%2F34VAP9L%3Ffbclid%3DIwAR2PgS79uvyAfGOe1urAmPdCWaDfnau0dvX8ZH8DEHI8J2lnkgfuc9B8Qa0', 'http://facebook.com/oneforallartists', 'https://www.instagram.com/oneforallartists/']",['(267) 254-4148'],nan
crabhouse39.com,nan,nan,nan,nan
latinoyouthoutreach.org,nan,nan,nan,nan
reignvolleyball.com,nan,nan,nan,"['Location: 1501 Green Road, Bay F, Deerfield Beach, FL, 33064']"
wibidata.com,['Email: coachnick@reignvolleyball.com'],"['https://facebook.com/', 'http://instagram.com/', 'https://twitter.com/', 'https://facebook.com/reignvolleyballclub', 'https://instagram.com/reign_vb/?hl=en', 'https://www.linkedin.com/company/reign-volleyball/', 'https://www.instagram.com/p/DHtO69bMEGC/', 'https://www.instagram.com/p/DHquKn1SOFB/', 'https://www.instagram.com/reel/DHqiHqEyJO5/', 'https://www.instagram.com/p/DHokFEkyyr2/', 'https://www.instagram.com/p/DHduqB3yyRl/', 'https://www.instagram.com/p/DHbvdyZSbsg/', 'https://www.instagram.com/p/DHYq2UpyAlK/', 'https://www.instagram.com/p/DHWx4znSS1R/', 'https://www.instagram.com/p/DHTvfd0y5Jn/', 'https://www.instagram.com/p/DHLvYJYOctz/', 'https://www.instagram.com/p/DHJLuBKsfsN/', 'https://www.instagram.com/p/DHHQl9-SG0Z/', 'https://www.instagram.com/p/DHEFlmNSvpA/', 'https://www.instagram.com/p/DHByBRly4pb/', 'https://www.instagram.com/p/DG_jH9VyCQH/', 'https://www.instagram.com/p/DG9n3SUM_bn/', 'https://www.instagram.com/p/DG6p7s3SUHW/', 'https://www.instagram.com/p/DG3NFROyrBV/', 'https://www.instagram.com/p/DG1NVd6yaQy/', 'https://www.instagram.com/p/DGyk7b1S_IW/', 'https://www.instagram.com/p/DGoFkmeygA6/', 'https://www.instagram.com/p/DGlLf5pyH9f/', 'https://www.instagram.com/p/DGi75_7SJto/', 'https://www.instagram.com/p/DGgWeSgyXTx/', 'https://www.instagram.com/p/DGd-m2mSeWw/', 'https://www.instagram.com/p/DGV75cXyElK/', 'https://www.instagram.com/p/DGTN9axyBme/', 'https://www.instagram.com/p/DGQy8T0S2ph/', 'https://www.instagram.com/p/DGOJgQ3SybT/', 'https://www.instagram.com/p/DGL0EJkyXhp/', 'https://www.instagram.com/p/DGJNC7qScY2/', 'https://www.instagram.com/p/DGGmCdaS8O7/', 'https://www.instagram.com/p/DGDoBqlS4iO/', 'https://www.instagram.com/p/DGBLz93SFtZ/', 'https://www.instagram.com/p/DF-tcn8uK9t/', 'https://www.instagram.com/p/DF8ibuKSZGk/', 'https://www.instagram.com/p/DFxuvvesKLk/', 'https://www.instagram.com/p/DFtT3hKyEX3/', 'https://www.instagram.com/p/DFqZPKtyZy7/', 'https://www.instagram.com/p/DFgwSuLMeYK/', 'https://www.instagram.com/p/DFdTlfBxxZF/', 'https://www.instagram.com/p/DFYXKwVy9NL/', 'https://www.instagram.com/p/DFVrsnRywPl/', 'https://www.instagram.com/p/DFSy9-IMBfO/', 'https://www.instagram.com/p/DFOBZi9S1UA/', 'https://www.instagram.com/p/DFLdeMeShIq/', 'https://www.instagram.com/p/DFIwHOHyWh-/', 'https://www.instagram.com/p/DFF8WO_SlNw/', 'https://www.instagram.com/p/DFD7BLJSzn-/', 'https://www.instagram.com/p/DFBlwdMyRyG/', 'https://www.instagram.com/p/DE8ApqDyI0m/', 'https://www.instagram.com/p/DE5AcwzSLCV/', 'https://www.instagram.com/reel/DE3A30NyuUd/', 'https://www.instagram.com/p/DE2xzrtylJQ/', 'https://www.instagram.com/reel/DE0IdhnSrvo/', 'https://www.instagram.com/p/DE0Dbt3yuwB/', 'https://www.instagram.com/p/DEx0ow5yYGO/', 'https://www.instagram.com/p/DEvIvcIyYbe/', 'https://www.instagram.com/p/DEpoP2lyr3Q/', 'https://www.instagram.com/p/DEnS5CyS8mK/', 'https://www.instagram.com/p/DEiKe0xyUlB/', 'https://www.instagram.com/p/DEf3L1byXPF/', 'https://www.instagram.com/p/DEVAqq4SnL1/', 'https://www.instagram.com/reel/DESfjGeRCWV/', 'https://www.instagram.com/reel/DEN6pGMyine/', 'https://www.instagram.com/p/DEN1KslSTvT/', 'https://www.instagram.com/p/DEKtfMHR77i/', 'https://www.instagram.com/p/DEIgzYCRGwe/', 'https://www.instagram.com/p/DEFcJTtR2yw/', 'https://www.instagram.com/p/DEDO-nsySXn/', 'https://www.instagram.com/reel/DEBzoUeOf9Y/', 'https://www.instagram.com/p/DD7laD6SRlg/', 'https://www.instagram.com/p/DDw9WqxMioY/', 'https://www.instagram.com/p/DDvFJEeSJn7/', 'https://www.instagram.com/p/DDsQBDByHLo/', 'https://www.instagram.com/reel/DDptw0Zvihf/', 'https://www.instagram.com/p/DDnMxZMR4Ft/', 'https://www.instagram.com/p/DDfUTsaRBX1/', 'https://www.instagram.com/reel/DDcxUbYxWpY/', 'https://www.instagram.com/p/DDZ7Rhkxcnj/', 'https://www.instagram.com/p/DDXrcwuSGuh/', 'https://www.instagram.com/p/DDP71tnSbTU/', 'https://www.instagram.com/p/DDNXyAGSEYk/', 'https://www.instagram.com/p/DDKohNwSH1K/', 'https://www.instagram.com/p/DDH_dlWyX72/', 'https://www.instagram.com/p/DDFnYk7SFNY/', 'https://www.instagram.com/p/DC7evMNyuJy/', 'https://www.instagram.com/p/DC4oMFoyPXx/', 'https://www.instagram.com/p/DCzxS2QSNNH/', 'https://www.instagram.com/p/DCpO4-RSLyL/', 'https://www.instagram.com/p/DCj_vGfybUs/', 'https://www.instagram.com/p/DChrivcyjf2/', 'https://www.instagram.com/p/DCelBVOx07P/', 'https://www.instagram.com/p/DCXLkafyqR9/', 'https://www.instagram.com/p/DCSfaVlSjxN/', 'https://www.instagram.com/p/DCPeMx4Sbuq/', 'https://www.instagram.com/p/DCHaI-RpPlg/', 'https://www.instagram.com/p/DCCxUmtSE6x/', 'https://www.instagram.com/p/DB_ry3IJWCV/', 'https://www.instagram.com/p/DB9Ua35Su_0/']","['20242025', '024-2025', '(352) 742-0080', '(561) 593-0602']",nan
diecutstickers.com,nan,nan,nan,['8 Best Places to Sell Stickers (Not Including Your Mom and Her Friends)']
mbcollegeguidance.com,nan,"['https://www.facebook.com/diecutstickers', 'https://www.instagram.com/diecutstickersdotcom/']","['(206) 816-3421', '870-5996', '2068163421345298188']",nan
thecollectiveeffect.org,['mbcollegeguidance@gmail.com'],nan,['(315) 243-6658'],nan
dentaltalentnow.com,"['', 'info@thecollectiveeffect.org']",nan,['+5 013 820-616405'],nan
edgeinsurance.biz,nan,nan,nan,nan
awlsnap.com,nan,nan,nan,nan
bgkinvestments.com,nan,nan,nan,nan
haciendailusionpr.com,nan,nan,nan,nan
hawaii432.com,nan,nan,nan,nan
usconstructgroup.com,nan,nan,nan,nan
wheeinc.com,nan,nan,nan,nan
dafacargo.com,nan,nan,nan,nan
mahoganyvacations.com,nan,nan,nan,nan
stangerfabllc.com,nan,"['https://facebook.com/mahoganyvacations1/', 'https://instagram.com/mahogany_vacations/']",['330263342'],nan
troychurch.net,"['', 'CJStanger@StangerFabLLC.com']","['http://instagram.com/stangerfabllc', 'http://www.facebook.com/stangerfabllc']",nan,nan
anthonymarlowe.com,nan,"['https://www.facebook.com/pages/Troy-Church-of-Christ-Troy-Michigan/177466729614', 'https://twitter.com/TroyChurchofC', 'http://twitter.com/home?status=https://troychurch.net/node/1257', 'http://www.facebook.com/sharer.php?u=https://troychurch.net/node/1257', 'http://www.linkedin.com/shareArticle?mini=true&url=https://troychurch.net/node/1257&title=“WHO CAN BE CHRIST’S DISCIPLE?” (MATTHEW 10:32-39) Kenny Burtch&summary={articleSummary}&source=https://troychurch.net', 'http://twitter.com/home?status=https://troychurch.net/node/1256', 'http://www.facebook.com/sharer.php?u=https://troychurch.net/node/1256', 'http://www.linkedin.com/shareArticle?mini=true&url=https://troychurch.net/node/1256&title= “DO YOU KNOW GOD OR JUST KNOW ABOUT GOD?” (2 THESSALONIANS 1:7,8)  Kenny Burtch&summary={articleSummary}&source=https://troychurch.net', 'http://twitter.com/home?status=https://troychurch.net/node/1255', 'http://www.facebook.com/sharer.php?u=https://troychurch.net/node/1255', 'http://www.linkedin.com/shareArticle?mini=true&url=https://troychurch.net/node/1255&title=""MY GOD AND I” (PSALM 24:1-5) By: Kenny Burtch&summary={articleSummary}&source=https://troychurch.net', 'http://twitter.com/home?status=https://troychurch.net/node/1245', 'http://www.facebook.com/sharer.php?u=https://troychurch.net/node/1245', 'http://www.linkedin.com/shareArticle?mini=true&url=https://troychurch.net/node/1245&title=  “STRESS OR DISTRESS”    By: Kenny Burtch                                                       (2 PETER 1:3-4)                                                   (2 CORINTHIANS 4:8-12)&summary={articleSummary}&source=https://troychurch.net']","['(177) 466-7296', '739-4337', '200-1200']",nan
avonnylocksmith.com,nan,nan,nan,nan
exaintelligence.com,['service@avonnylocksmith.com'],['https://twitter.com/avonnylock'],"['+2 475 852-991038', '(887) 990-9396', '(585) 299-1038']",['19050 Ashford Lane']
mannexcavating.com,['info@exaintelligence.com'],nan,['(414) 840-8800'],nan
miqrotech.com,nan,nan,nan,nan
morrisholmes.com,nan,nan,nan,nan
rfacapitalcorp.com,['ed@morrisholmes.com'],nan,['(630) 525-1350'],nan
ameecleaning.com,nan,nan,nan,nan
cindywalker.com,"['', 'contact@ameecleaning.com']",nan,['(785) 565-0000'],nan
fivestarpoollinerswilliamstown.com,"['cwalker@realtor.com', 'onthegorealtor@yahoo.com']",['http://www.facebook.com/people/Cindy-Baker-Walker/616985612'],"['(479) 967-2983', '616-9856', '(479) 857-1041', '(479) 967-6969']",nan
sustainableracine.org,nan,nan,nan,nan
clearmirrorhealing.wordpress.com,nan,nan,nan,nan
d-l-roofing-and-construction-llc.business.site,nan,nan,nan,nan
lealvideoproductions.com,nan,nan,nan,nan
rubpage.com,nan,"['https://www.instagram.com/danroleal/?hl=en', 'https://www.linkedin.com/in/dan-leal-075993230/']","['075-9932', '(510) 468-1847']",nan
sagacitystays.com,nan,nan,nan,nan
valezio.com,nan,nan,nan,nan
